ID;createdAt;createdBy;buyer;OrderNo;currency_code
7e2f2640-6866-4dcf-8f4d-3027aa831cad;2019-01-31;john.doe@test.com;john.doe@test.com;1;EUR
64e718c9-ff99-47f1-8ca3-950c850777d4;2019-01-30;jane.doe@test.com;jane.doe@test.com;2;EUR
8995d18f-6b8d-4f8c-a953-15dd68bb6d4e;2019-02-01;alice.smith@test.com;alice.smith@test.com;3;USD
b0b40fca-9947-4a6e-a6aa-63c213162b66;2019-02-02;bob.johnson@test.com;bob.johnson@test.com;4;GBP
e3d46cc6-9401-4d52-ba07-1c9255fcb89a;2019-02-03;carol.white@test.com;carol.white@test.com;5;JPY
a72683b9-d34d-4020-b6ac-7d10a10145ac;2019-02-04;dave.miller@test.com;dave.miller@test.com;6;EUR
5fc24bcd-e9df-4f95-93b3-d0f8f2ed78f2;2019-02-05;emma.brown@test.com;emma.brown@test.com;7;USD
2a0456f1-3963-4a4a-9cce-c293a2505c54;2019-02-06;frank.jones@test.com;frank.jones@test.com;8;GBP
c1b2c3d4-e5f6-47a8-b9c0-d1e2f3a4b5c6;2019-02-07;grace.lee@test.com;grace.lee@test.com;9;EUR
d2e3f4a5-b6c7-48b9-c0d1-e2f3a4b5c6d7;2019-02-08;henry.chen@test.com;henry.chen@test.com;10;USD
e3f4a5b6-c7d8-49c0-d1e2-f3a4b5c6d7e8;2019-02-09;irene.wang@test.com;irene.wang@test.com;11;EUR
f4a5b6c7-d8e9-4ad1-e2f3-a4b5c6d7e8f9;2019-02-10;jack.zhang@test.com;jack.zhang@test.com;12;GBP
05b6c7d8-e9f0-4be2-f3a4-b5c6d7e8f905;2019-02-11;kelly.patel@test.com;kelly.patel@test.com;13;JPY
16c7d8e9-f0a1-4cf3-a4b5-c6d7e8f90516;2019-02-12;larry.singh@test.com;larry.singh@test.com;14;EUR
27d8e9f0-a1b2-4da4-b5c6-d7e8f9051627;2019-02-13;mary.gupta@test.com;mary.gupta@test.com;15;USD
38e9f0a1-b2c3-4eb5-c6d7-e8f9051627a8;2019-02-14;nancy.kim@test.com;nancy.kim@test.com;16;GBP
49f0a1b2-c3d4-4fc6-d7e8-f9051627a849;2019-02-15;oscar.park@test.com;oscar.park@test.com;17;EUR
50a1b2c3-d4e5-40d7-e8f9-051627a84950;2019-02-16;paul.kumar@test.com;paul.kumar@test.com;18;USD
61b2c3d4-e5f6-41e8-f905-1627a8495061;2019-02-17;quinn.ali@test.com;quinn.ali@test.com;19;JPY
72c3d4e5-f6a7-42f9-0516-27a8495061b2;2019-02-18;ryan.liu@test.com;ryan.liu@test.com;20;EUR
83d4e5f6-a7b8-4305-1627-a8495061c2d3;2019-02-19;susan.wong@test.com;susan.wong@test.com;21;USD
94e5f6a7-b8c9-4416-27a8-495061d3e4f5;2019-02-20;tom.cheng@test.com;tom.cheng@test.com;22;GBP
a5f6a7b8-c9d0-4527-a849-5061e5f6a7b8;2019-02-21;ursula.tan@test.com;ursula.tan@test.com;23;EUR
b6a7b8c9-d0e1-4638-4950-61f6a7b8c9d0;2019-02-22;victor.yang@test.com;victor.yang@test.com;24;USD
c7b8c9d0-e1f2-4749-5061-a7b8c9d0e1f2;2019-02-23;wendy.hu@test.com;wendy.hu@test.com;25;JPY
d8c9d0e1-f2a3-485a-61f6-b8c9d0e1f2a3;2019-02-24;xavier.lin@test.com;xavier.lin@test.com;26;EUR
e9d0e1f2-a3b4-496b-a7b8-c9d0e1f2a3b4;2019-02-25;yvonne.zhou@test.com;yvonne.zhou@test.com;27;USD
f0e1f2a3-b4c5-4a7c-b8c9-d0e1f2a3b4c5;2019-02-26;zach.wu@test.com;zach.wu@test.com;28;GBP
01f2a3b4-c5d6-4b8d-c9d0-e1f2a3b4c5d6;2019-02-27;amy.gao@test.com;amy.gao@test.com;29;EUR
12a3b4c5-d6e7-4c9e-d0e1-f2a3b4c5d6e7;2019-02-28;ben.zhao@test.com;ben.zhao@test.com;30;USD
23b4c5d6-e7f8-4daf-e1f2-a3b4c5d6e7f8;2019-03-01;cathy.ma@test.com;cathy.ma@test.com;31;JPY
34c5d6e7-f8a9-4eb0-f2a3-b4c5d6e7f8a9;2019-03-02;derek.wang@test.com;derek.wang@test.com;32;EUR
45d6e7f8-a9b0-4fc1-a3b4-c5d6e7f8a9b0;2019-03-03;elaine.xu@test.com;elaine.xu@test.com;33;USD
56e7f8a9-b0c1-40d2-b4c5-d6e7f8a9b0c1;2019-03-04;fred.yu@test.com;fred.yu@test.com;34;GBP
67f8a9b0-c1d2-41e3-c5d6-e7f8a9b0c1d2;2019-03-05;gloria.feng@test.com;gloria.feng@test.com;35;EUR
78a9b0c1-d2e3-42f4-d6e7-f8a9b0c1d2e3;2019-03-06;howard.han@test.com;howard.han@test.com;36;USD
89b0c1d2-e3f4-4305-e7f8-a9b0c1d2e3f4;2019-03-07;ivy.sun@test.com;ivy.sun@test.com;37;JPY
90c1d2e3-f4a5-4416-f8a9-b0c1d2e3f4a5;2019-03-08;jason.li@test.com;jason.li@test.com;38;EUR
a1d2e3f4-a5b6-4527-a9b0-c1d2e3f4a5b6;2019-03-09;karen.jiang@test.com;karen.jiang@test.com;39;USD
b2e3f4a5-b6c7-4638-b0c1-d2e3f4a5b6c7;2019-03-10;leo.chen@test.com;leo.chen@test.com;40;GBP
c3f4a5b6-c7d8-4749-c1d2-e3f4a5b6c7d8;2019-03-11;mona.zhang@test.com;mona.zhang@test.com;41;EUR
d4a5b6c7-d8e9-485a-d2e3-f4a5b6c7d8e9;2019-03-12;nathan.liu@test.com;nathan.liu@test.com;42;USD
e5b6c7d8-e9f0-496b-e3f4-a5b6c7d8e9f0;2019-03-13;olivia.wu@test.com;olivia.wu@test.com;43;JPY
f6c7d8e9-f0a1-4a7c-f4a5-b6c7d8e9f0a1;2019-03-14;peter.ho@test.com;peter.ho@test.com;44;EUR
07d8e9f0-a1b2-4b8d-a5b6-c7d8e9f0a1b2;2019-03-15;queenie.tang@test.com;queenie.tang@test.com;45;USD
18e9f0a1-b2c3-4c9e-b6c7-d8e9f0a1b2c3;2019-03-16;roger.yeo@test.com;roger.yeo@test.com;46;GBP
29f0a1b2-c3d4-4daf-c7d8-e9f0a1b2c3d4;2019-03-17;sandra.ng@test.com;sandra.ng@test.com;47;EUR
30a1b2c3-d4e5-4eb0-d8e9-f0a1b2c3d4e5;2019-03-18;terry.lim@test.com;terry.lim@test.com;48;USD
41b2c3d4-e5f6-4fc1-e9f0-a1b2c3d4e5f6;2019-03-19;uma.thakur@test.com;uma.thakur@test.com;49;JPY
52c3d4e5-f6a7-40d2-f0a1-b2c3d4e5f6a7;2019-03-20;vivian.chua@test.com;vivian.chua@test.com;50;EUR
63d4e5f6-a7b8-41e3-a1b2-c3d4e5f6a7b8;2019-03-21;will.teo@test.com;will.teo@test.com;51;USD
74e5f6a7-b8c9-42f4-b2c3-d4e5f6a7b8c9;2019-03-22;xena.kang@test.com;xena.kang@test.com;52;GBP
85f6a7b8-c9d0-4305-c3d4-e5f6a7b8c9d0;2019-03-23;yuki.sato@test.com;yuki.sato@test.com;53;EUR
96a7b8c9-d0e1-4416-d4e5-f6a7b8c9d0e1;2019-03-24;zeke.tanaka@test.com;zeke.tanaka@test.com;54;USD
a7b8c9d0-e1f2-4527-e5f6-a7b8c9d0e1f2;2019-03-25;ana.suzuki@test.com;ana.suzuki@test.com;55;JPY
b8c9d0e1-f2a3-4638-f6a7-b8c9d0e1f2a3;2019-03-26;brad.kim@test.com;brad.kim@test.com;56;EUR
c9d0e1f2-a3b4-4749-a7b8-c9d0e1f2a3b4;2019-03-27;clara.park@test.com;clara.park@test.com;57;USD
d0e1f2a3-b4c5-485a-b8c9-d0e1f2a3b4c5;2019-03-28;don.lee@test.com;don.lee@test.com;58;GBP
e1f2a3b4-c5d6-496b-c9d0-e1f2a3b4c5d6;2019-03-29;eva.jung@test.com;eva.jung@test.com;59;EUR
f2a3b4c5-d6e7-4a7c-d0e1-f2a3b4c5d6e7;2019-03-30;finn.choi@test.com;finn.choi@test.com;60;USD
03b4c5d6-e7f8-4b8d-e1f2-a3b4c5d6e7f8;2019-03-31;gina.ryu@test.com;gina.ryu@test.com;61;JPY
14c5d6e7-f8a9-4c9e-f2a3-b4c5d6e7f8a9;2019-04-01;hans.koo@test.com;hans.koo@test.com;62;EUR
25d6e7f8-a9b0-4daf-a3b4-c5d6e7f8a9b0;2019-04-02;ida.bae@test.com;ida.bae@test.com;63;USD
36e7f8a9-b0c1-4eb0-b4c5-d6e7f8a9b0c1;2019-04-03;jake.yoon@test.com;jake.yoon@test.com;64;GBP
47f8a9b0-c1d2-4fc1-c5d6-e7f8a9b0c1d2;2019-04-04;kate.song@test.com;kate.song@test.com;65;EUR
58a9b0c1-d2e3-40d2-d6e7-f8a9b0c1d2e3;2019-04-05;luke.han@test.com;luke.han@test.com;66;USD
69b0c1d2-e3f4-41e3-e7f8-a9b0c1d2e3f4;2019-04-06;mia.jang@test.com;mia.jang@test.com;67;JPY
70c1d2e3-f4a5-42f4-f8a9-b0c1d2e3f4a5;2019-04-07;ned.hwang@test.com;ned.hwang@test.com;68;EUR
81d2e3f4-a5b6-4305-a9b0-c1d2e3f4a5b6;2019-04-08;ora.moon@test.com;ora.moon@test.com;69;USD
92e3f4a5-b6c7-4416-b0c1-d2e3f4a5b6c7;2019-04-09;pat.lau@test.com;pat.lau@test.com;70;GBP
a3f4a5b6-c7d8-4527-c1d2-e3f4a5b6c7d8;2019-04-10;quinn.tsai@test.com;quinn.tsai@test.com;71;EUR
b4a5b6c7-d8e9-4638-d2e3-f4a5b6c7d8e9;2019-04-11;rex.hsu@test.com;rex.hsu@test.com;72;USD
c5b6c7d8-e9f0-4749-e3f4-a5b6c7d8e9f0;2019-04-12;sara.chang@test.com;sara.chang@test.com;73;JPY
d6c7d8e9-f0a1-485a-f4a5-b6c7d8e9f0a1;2019-04-13;tim.yang@test.com;tim.yang@test.com;74;EUR
e7d8e9f0-a1b2-496b-a5b6-c7d8e9f0a1b2;2019-04-14;uma.chen@test.com;uma.chen@test.com;75;USD
f8e9f0a1-b2c3-4a7c-b6c7-d8e9f0a1b2c3;2019-04-15;vince.wang@test.com;vince.wang@test.com;76;GBP
09f0a1b2-c3d4-4b8d-c7d8-e9f0a1b2c3d4;2019-04-16;wendy.liu@test.com;wendy.liu@test.com;77;EUR
10a1b2c3-d4e5-4c9e-d8e9-f0a1b2c3d4e5;2019-04-17;xavier.zhang@test.com;xavier.zhang@test.com;78;USD
21b2c3d4-e5f6-4daf-e9f0-a1b2c3d4e5f6;2019-04-18;yuna.li@test.com;yuna.li@test.com;79;JPY
32c3d4e5-f6a7-4eb0-f0a1-b2c3d4e5f6a7;2019-04-19;zach.wu@test.com;zach.wu@test.com;80;EUR
43d4e5f6-a7b8-4fc1-a1b2-c3d4e5f6a7b8;2019-04-20;amy.chen@test.com;amy.chen@test.com;81;USD
54e5f6a7-b8c9-40d2-b2c3-d4e5f6a7b8c9;2019-04-21;ben.zhang@test.com;ben.zhang@test.com;82;GBP
65f6a7b8-c9d0-41e3-c3d4-e5f6a7b8c9d0;2019-04-22;chloe.wang@test.com;chloe.wang@test.com;83;EUR
76a7b8c9-d0e1-42f4-d4e5-f6a7b8c9d0e1;2019-04-23;david.liu@test.com;david.liu@test.com;84;USD
87b8c9d0-e1f2-4305-e5f6-a7b8c9d0e1f2;2019-04-24;eva.huang@test.com;eva.huang@test.com;85;JPY
98c9d0e1-f2a3-4416-f6a7-b8c9d0e1f2a3;2019-04-25;fred.zhou@test.com;fred.zhou@test.com;86;EUR
a9d0e1f2-a3b4-4527-a7b8-c9d0e1f2a3b4;2019-04-26;grace.yang@test.com;grace.yang@test.com;87;USD
b0e1f2a3-b4c5-4638-b8c9-d0e1f2a3b4c5;2019-04-27;henry.tan@test.com;henry.tan@test.com;88;GBP
c1f2a3b4-c5d6-4749-c9d0-e1f2a3b4c5d6;2019-04-28;iris.lin@test.com;iris.lin@test.com;89;EUR
d2a3b4c5-d6e7-485a-d0e1-f2a3b4c5d6e7;2019-04-29;jack.wu@test.com;jack.wu@test.com;90;USD
e3b4c5d6-e7f8-496b-e1f2-a3b4c5d6e7f8;2019-04-30;kelly.gao@test.com;kelly.gao@test.com;91;JPY
f4c5d6e7-f8a9-4a7c-f2a3-b4c5d6e7f8a9;2019-05-01;leo.zhao@test.com;leo.zhao@test.com;92;EUR
05d6e7f8-a9b0-4b8d-a3b4-c5d6e7f8a9b0;2019-05-02;mia.chen@test.com;mia.chen@test.com;93;USD
16e7f8a9-b0c1-4c9e-b4c5-d6e7f8a9b0c1;2019-05-03;noah.wang@test.com;noah.wang@test.com;94;GBP
27f8a9b0-c1d2-4daf-c5d6-e7f8a9b0c1d2;2019-05-04;olivia.liu@test.com;olivia.liu@test.com;95;EUR
38a9b0c1-d2e3-4eb0-d6e7-f8a9b0c1d2e3;2019-05-05;peter.zhang@test.com;peter.zhang@test.com;96;USD
49b0c1d2-e3f4-4fc1-e7f8-a9b0c1d2e3f4;2019-05-06;quinn.li@test.com;quinn.li@test.com;97;JPY
50c1d2e3-f4a5-40d2-f8a9-b0c1d2e3f4a5;2019-05-07;ryan.yang@test.com;ryan.yang@test.com;98;EUR
61d2e3f4-a5b6-41e3-a9b0-c1d2e3f4a5b6;2019-05-08;sara.wu@test.com;sara.wu@test.com;99;USD
72e3f4a5-b6c7-42f4-b0c1-d2e3f4a5b6c7;2019-05-09;tom.zhou@test.com;tom.zhou@test.com;100;GBP
83f4a5b6-c7d8-4305-c1d2-e3f4a5b6c7d8;2019-05-10;ursula.lin@test.com;ursula.lin@test.com;101;EUR
94a5b6c7-d8e9-4416-d2e3-f4a5b6c7d8e9;2019-05-11;victor.huang@test.com;victor.huang@test.com;102;USD