ID,name,dateOfBirth,placeOfBirth,dateOfDeath,placeOfDeath
101,Olivia Adams,1964-07-03,"West Alan, Tunisia",2010-08-08,"Johnsonside, Saint Pierre and Miquelon"
102,Christopher Peterson,1953-07-11,"North Lisashire, Comoros",2004-12-10,"Wendyfurt, Chad"
103,Ana Drake,1958-12-03,"West Amyview, Somalia",1999-05-02,"North Regina, Cote d'Ivoire"
104,Alexis Frazier,1936-03-11,"Port Todd, Paraguay",1986-05-28,"Port James, Uzbekistan"
105,Joshua Gonzalez,1939-06-20,"Davisview, Netherlands",1999-12-21,"Deborahmouth, Jamaica"
106,Joseph Davidson,1947-08-15,"Lake Terri, Burundi",1995-06-18,"North Jeffreyfurt, Bouvet Island (Bouvetoya)"
107,Jennifer Perez,1973-05-08,"Murphychester, Iraq",2014-05-13,"West Bryan, Angola"
108,Wayne Colon,1973-02-23,"Timothyshire, El Salvador",2018-01-19,"Stewarttown, Argentina"
109,Victoria Walsh,1943-01-22,"Oconnorshire, Liechtenstein",1983-02-09,"Grayfurt, Saint Kitts and Nevis"
110,Carlos Chambers,1952-01-05,"Johnsonfurt, Venezuela",2012-12-27,"Schultzburgh, Marshall Islands"
111,Russell Morgan,1961-06-30,"New Adamhaven, Equatorial Guinea",2017-03-10,"West Kristiestad, United States Virgin Islands"
112,Brian Johnson,1946-05-21,"Rubenville, Guadeloupe",2014-10-15,"Judyfort, Finland"
113,Robert Evans,1956-02-18,"Alexiston, Egypt",2006-07-17,"Sarahside, Barbados"
114,Miss Adrienne Perry,1944-10-07,"Clarkbury, Cote d'Ivoire",2003-12-05,"East Richard, Grenada"
115,Anthony Barnes,1965-11-28,"North Rogerhaven, Cyprus",2013-01-29,"Port Jamesfort, Grenada"
116,Harold Barnett,1950-07-31,"North Christopherborough, Mexico",2008-07-23,"Buchananhaven, Panama"
117,Mindy Thomas,1935-10-01,"Patriciamouth, Falkland Islands (Malvinas)",1995-07-25,"Andrewsport, Lebanon"
118,Dale Williams,1972-10-22,"West Leslieburgh, Chile",2013-07-20,"West Laurafort, Paraguay"
119,Devin Harris,1970-05-03,"Port Nicholaston, Belize",2013-03-13,"North Bill, Guinea"
120,Austin Rodgers,1967-04-30,"East Adamfurt, Lebanon",2013-07-21,"Heatherstad, Mayotte"
121,Thomas Matthews,1977-10-27,"Powellmouth, Greenland",2024-10-04,"Armstrongberg, Mozambique"
122,William Roth,1965-11-28,"Rosechester, United States of America",2008-05-22,"Coreymouth, Mauritius"
123,Joseph Lara,1946-07-14,"New Chelseastad, Djibouti",2022-06-24,"West Dylanborough, Zimbabwe"
124,Amber Osborn,1981-09-27,"Lake Ericahaven, Chad",2024-10-15,"Owensshire, Philippines"
125,Michael Smith,1956-09-27,"Lake Dana, Sierra Leone",1996-11-08,"North Travis, Guinea-Bissau"
126,Tiffany West,1948-07-05,"Brooksside, Maldives",2013-10-15,"Shannonmouth, Liechtenstein"
127,Eric Bennett,1951-09-26,"Lindsaychester, Macao",2004-02-07,"East Nicolechester, Iran"
128,April Mahoney,1957-04-23,"Micheleshire, Netherlands",2011-10-11,"Parrishborough, Tokelau"
129,Charles Howell,1974-11-30,"Lake Pamelafort, Croatia",2025-05-14,"Singletonchester, Ireland"
130,Elizabeth Marquez,1937-05-19,"Montesfort, Oman",2007-01-20,"Port Davidburgh, Congo"
131,Derek Rush,1965-01-26,"East Reginaldfurt, Cyprus",2020-12-04,"New Catherineborough, Georgia"
132,Holly Walker,1976-07-03,"Julieview, Austria",2018-07-25,"Jenniferborough, Liberia"
133,Stacey Powell,1980-04-12,"North Elizabeth, Suriname",2022-07-14,"Briannaberg, Guinea-Bissau"
134,Krista Nichols,1964-10-13,"Jonesbury, Cyprus",2010-02-25,"Reginashire, Malta"
135,Heather Waters,1976-05-03,"New Katiefurt, Dominica",2023-04-30,"Johnnytown, Saudi Arabia"
136,Sandra Jones,1967-03-04,"South Walterchester, Zimbabwe",2021-02-11,"West Gabrielle, American Samoa"
137,Matthew Taylor,1943-01-10,"East Timothymouth, Nepal",1998-03-12,"Carterborough, Maldives"
138,Robert Hawkins DDS,1972-01-07,"Mariaton, Togo",2015-05-08,"North Derrick, Svalbard & Jan Mayen Islands"
139,Holly Blake,1956-10-05,"Williamsborough, Bolivia",2024-11-10,"Ericshire, Sri Lanka"
140,Elizabeth Snyder,1960-10-28,"North Monicaborough, Mayotte",2023-03-12,"South Desiree, Denmark"
141,Mary Roberts,1941-05-27,"Cherylshire, Monaco",1987-04-11,"New Jessica, France"
142,Anthony Blair,1977-08-24,"Port Andrebury, Monaco",2018-01-20,"New Shannonborough, Djibouti"
143,Jennifer Mcclure,1944-06-23,"Williamsmouth, Peru",2012-06-11,"Brandonbury, Norfolk Island"
144,Diamond Hudson,1943-07-16,"Angelaland, Turks and Caicos Islands",2021-09-27,"Kathleenfort, Qatar"
145,Emma Eaton,1946-11-20,"Port Morgan, Turkmenistan",1993-08-10,"Johnsonmouth, Hong Kong"
146,Marcus Gonzales,1939-03-24,"Ryanbury, Malawi",2013-02-05,"Pamelaburgh, Spain"
147,Natalie Clark,1982-12-23,"Michaelview, Western Sahara",2023-04-06,"Davidtown, Libyan Arab Jamahiriya"
148,Daniel Moore,1951-07-16,"Brandonmouth, Central African Republic",1993-07-12,"Suzannefort, Svalbard & Jan Mayen Islands"
149,Michael Frazier,1947-07-14,"Joshuaborough, Algeria",1988-04-03,"Josephstad, Japan"
150,Jennifer Camacho,1940-10-30,"Williamshire, Trinidad and Tobago",1990-03-07,"Port Matthew, Cyprus"
151,Jeffrey Phillips,1975-08-03,"East Stephanie, Saint Barthelemy",2024-05-04,"Frankstad, Sao Tome and Principe"
152,Christy Rhodes,1961-12-31,"North Courtneyville, Bahrain",2006-11-02,"Lake Adamberg, Greenland"
153,Donald Sanders,1939-05-17,"Davidville, Ghana",1981-07-03,"Blackwellport, Vanuatu"
154,Juan Anthony,1941-08-10,"Vancefort, Mali",2003-08-28,"Trujilloview, Australia"
155,Elizabeth Nolan,1944-06-24,"Blacktown, Qatar",2017-03-13,"Port Nathan, Barbados"
156,Shawn Kelly,1964-09-17,"Catherinestad, Syrian Arab Republic",2019-01-22,"South Kevinmouth, Nicaragua"
157,Lori Hunt,1957-11-23,"New Julieborough, Djibouti",2005-06-01,"South Jeffrey, Hungary"
158,James Hardy,1944-09-16,"Lake Joseph, Sri Lanka",2016-07-08,"North Joshua, Poland"
159,Mrs. Sarah Hansen,1937-03-02,"Fernandezfort, Suriname",2005-12-17,"East Debramouth, Saint Kitts and Nevis"
160,Rachel Finley,1947-06-11,"East Rebekahmouth, Northern Mariana Islands",1991-11-20,"Lewisfort, Equatorial Guinea"
161,Theresa Yu,1941-12-20,"New Leviville, Panama",2016-10-24,"North Sheliahaven, Lithuania"
162,April Smith,1980-08-26,"Port Dylan, Cook Islands",2024-08-06,"New Lisaview, South Africa"
163,Robin Campbell,1948-06-02,"Jamesside, Mozambique",2005-08-26,"Ashleystad, Madagascar"
164,Brittany Romero,1945-08-11,"Hollandstad, Benin",2013-11-25,"South Kathleen, Norfolk Island"
165,Tina Wolf,1958-11-25,"Perezmouth, Turkmenistan",2006-02-05,"South Jennifermouth, New Zealand"
166,John Palmer,1971-06-09,"Crossfurt, Taiwan",2020-07-29,"Deborahmouth, Angola"
167,John Walton,1971-09-06,"Sherylland, British Indian Ocean Territory (Chagos Archipelago)",2021-06-02,"Lake Jesse, Macao"
168,Cheryl Stewart,1946-01-24,"Romeroville, Armenia",2001-02-16,"Zacharyshire, Central African Republic"
169,Sabrina Rogers,1978-07-28,"Mcgrathton, Anguilla",2024-04-23,"Wolftown, Comoros"
170,Donna Spears,1961-12-11,"Sotofurt, Swaziland",2010-12-07,"East Richardshire, Vietnam"
171,Jamie Moon,1965-08-22,"West Jeffbury, Hong Kong",2008-11-22,"West Scott, Spain"
172,Janet Moore,1976-12-17,"Frankburgh, Chile",2021-09-25,"Fredericktown, Tuvalu"
173,Mr. Marc Nelson,1975-11-20,"Parkerbury, Montserrat",2022-07-29,"Ryantown, Finland"
174,Tyler Wiley,1981-01-18,"Zimmermantown, Benin",2023-09-10,"Jenniferview, Antigua and Barbuda"
175,Bradley Montgomery,1962-11-28,"West Marvinview, Niue",2004-10-14,"Andreaburgh, Guam"
176,Troy Moss,1937-09-15,"Villarrealstad, Solomon Islands",2021-10-03,"Hollyfurt, Syrian Arab Republic"
177,Brenda Anderson,1938-08-12,"Mariaport, Cote d'Ivoire",2003-05-31,"Lake Williamchester, Saint Helena"
178,Donald Brown,1959-08-18,"West Laura, Pitcairn Islands",2016-03-09,"Biancaland, Costa Rica"
179,Dustin Richardson,1985-05-18,"East Staceyburgh, Niger",2025-05-20,"New Dawn, Colombia"
180,Rachel Bennett,1979-05-11,"North Angelatown, Burkina Faso",2023-08-04,"Lake Joshua, Gabon"
181,Lisa Wilson,1976-04-18,"Kellyborough, Tunisia",2020-03-14,"West Scott, Palestinian Territory"
182,Taylor Walter,1944-06-17,"Gutierrezborough, Liechtenstein",2020-10-04,"Johnview, Guyana"
183,Brenda Henderson,1942-08-20,"North Eric, Congo",1988-02-25,"South Ashley, Oman"
184,Kendra Aguilar,1965-11-01,"New Jessica, Equatorial Guinea",2020-04-27,"Hancockside, Equatorial Guinea"
185,Teresa Mason,1971-04-27,"Robertsonborough, Malawi",2011-08-18,"East Robert, Saint Pierre and Miquelon"
186,John Hall,1975-01-10,"South Ronaldmouth, Namibia",2025-08-05,"South Joshuaport, Tonga"
187,Amanda Moore,1975-09-05,"Fergusonfort, Andorra",2016-09-18,"Port Michele, Afghanistan"
188,Eric Hale,1960-04-30,"Roseland, Burundi",2006-06-11,"Fitzgeraldfurt, Luxembourg"
189,Sara Lopez,1940-01-22,"West Kyle, Chad",2003-02-17,"South Danielview, Austria"
190,Nicole Klein,1956-02-26,"Port Diane, Belarus",2023-05-26,"Grahamberg, China"
191,Samantha Villanueva,1974-06-15,"Suttonbury, Brunei Darussalam",2019-02-01,"Port Brianland, Cuba"
192,Susan Abbott,1975-07-30,"Lake Maryburgh, Paraguay",2017-09-11,"West Chadport, Namibia"
193,Joan Pratt,1965-01-25,"East Alice, Jersey",2018-12-07,"Guzmanside, Canada"
194,Terry Johnson,1977-12-19,"South Jennifer, Guadeloupe",2021-11-16,"West Paulton, Oman"
195,Timothy Ward,1978-07-12,"Gibsonbury, Bulgaria",2021-02-15,"New Zoeland, Iran"
196,Juan Livingston,1954-02-26,"Kathrynmouth, Thailand",2011-02-28,"Cobbport, Slovenia"
197,Ebony Coleman,1970-02-09,"Nicholasland, Congo",2018-09-30,"North Brianna, Northern Mariana Islands"
198,Anthony Davis,1936-10-23,"South Erik, Spain",1990-09-25,"New Ricardo, Equatorial Guinea"
199,Jonathan Mcbride,1982-02-05,"Hollyview, Algeria",2025-03-03,"New Dennis, Madagascar"
200,Jonathan Hansen,1985-01-16,"East Jonathanville, Sri Lanka",2025-04-28,"Andersonmouth, Macao"
201,Jennifer Blackwell,1945-03-31,"Jamesmouth, Panama",2015-09-13,"Tatefurt, Chile"
202,Jason Cooley,1952-01-21,"East Bruce, Luxembourg",2010-11-24,"South Christian, Armenia"
203,John Acosta,1969-10-16,"East Evelynburgh, French Guiana",2010-04-04,"North James, Ethiopia"
204,Nathan Cruz,1965-01-09,"West Donna, Bahrain",2012-04-01,"Herrerafort, Turks and Caicos Islands"
205,Sara Todd,1976-01-28,"South Steven, Colombia",2016-12-28,"Lake Michael, Philippines"
206,Teresa Murphy,1938-12-01,"Watkinsport, Algeria",2016-09-03,"Randallport, Dominica"
207,Jennifer Brown,1977-01-27,"South Chadview, Luxembourg",2018-12-05,"North Tammiestad, Cocos (Keeling) Islands"
208,Preston Herrera,1961-01-16,"East Debbiefurt, Saint Martin",2025-04-17,"Thomaschester, Turks and Caicos Islands"
209,Kenneth Stewart,1936-02-27,"Caseyville, Oman",2016-04-11,"Bushview, Singapore"
210,Hector Parker,1964-08-04,"South Markside, Angola",2016-07-12,"West Timothybury, Korea"
211,Joseph Rios,1940-06-26,"Lake Scott, Andorra",2018-11-06,"Woodport, Bahamas"
212,Bradley Anderson,1979-04-05,"Ryanborough, Denmark",2021-05-02,"South Daniel, Northern Mariana Islands"
213,Dawn Brewer,1948-08-29,"Harrisville, Bouvet Island (Bouvetoya)",2004-01-12,"New Sydneymouth, Czech Republic"
214,Christopher Wilson,1958-11-19,"Williamfurt, Holy See (Vatican City State)",2011-08-20,"Josephport, Panama"
215,Colleen Galloway,1939-01-20,"Johnathanton, Botswana",2010-11-07,"North Jamesstad, Greenland"
216,Susan Reed,1985-03-31,"West Jason, Algeria",2025-06-22,"Christinashire, Nauru"
217,Steven Franco,1968-10-15,"Maxwellshire, Djibouti",2017-07-12,"Barnesmouth, Sweden"
218,Craig Martin,1943-07-13,"Lake Lindsay, Montenegro",2019-10-01,"Smithburgh, Congo"
219,Donald Kelley,1935-10-09,"Allentown, Vanuatu",1981-11-11,"Brewerbury, Ecuador"
220,Jocelyn Benton,1963-08-19,"West Nicholasstad, Estonia",2020-09-25,"Port John, United States Minor Outlying Islands"
221,Christian Jennings,1970-12-20,"South Derek, Antarctica (the territory South of 60 deg S)",2012-02-15,"Mikeburgh, Mali"
222,Sheila Morris,1982-06-11,"Arthurbury, Brazil",2023-06-27,"Jordanshire, Taiwan"
223,Kathy Mendez,1941-09-18,"Lake Melissa, Belarus",2022-04-19,"East Matthew, Reunion"
224,Nancy Bolton,1947-08-31,"East Mackenzieberg, Oman",2011-10-09,"South Kevin, Turks and Caicos Islands"
225,Monica Wilson,1949-11-28,"Port Daniel, Russian Federation",1997-02-17,"East Timothy, Trinidad and Tobago"
226,Nicole Crawford,1947-11-10,"Allenside, Spain",2003-04-10,"Brooksfurt, Montenegro"
227,Gabriel Hale,1949-12-17,"Graceburgh, Latvia",1994-02-06,"Ramirezberg, Saint Vincent and the Grenadines"
228,Bobby Patel,1943-06-05,"North Aprilport, Isle of Man",2002-03-30,"South Traviston, Guyana"
229,Danny Ross,1984-11-06,"Hansenbury, Malawi",2025-07-05,"North Jasonside, Guinea"
230,Kevin Jones,1983-02-27,"West Charlesmouth, Montserrat",2023-08-16,"East Jasonbury, Grenada"
231,Alison Garcia,1957-08-18,"West Margaret, Myanmar",2023-02-13,"Port Bonnie, British Indian Ocean Territory (Chagos Archipelago)"
232,Paul Moses,1972-12-05,"North Christopher, China",2016-07-12,"South Tammyberg, Tanzania"
233,Brandon Johnson,1940-09-30,"South Jennifertown, Pitcairn Islands",2001-05-08,"Schneidertown, Costa Rica"
234,Michael Lee,1967-07-16,"Evansborough, Monaco",2009-04-15,"Stephenstad, Algeria"
235,Patrick Ward,1935-01-24,"Jerryfurt, Congo",2021-02-10,"North Jessica, Bolivia"
236,Jimmy Martinez,1965-04-21,"Lake Benjamin, Northern Mariana Islands",2005-05-20,"West Roberthaven, Czech Republic"
237,Heidi Reed,1948-07-24,"Lopezbury, Liechtenstein",2004-07-18,"Rivasmouth, French Southern Territories"
238,Kevin Lee,1963-06-10,"Williamfurt, Guatemala",2017-04-21,"New Melissa, Uganda"
239,Melanie Lindsey PhD,1967-12-30,"Jenniferfort, Mayotte",2021-10-12,"Banksshire, Bahamas"
240,David Manning,1983-02-13,"Joannland, Brazil",2024-09-27,"North Sergio, Micronesia"
241,Victoria Perez,1959-06-22,"Lake Cody, Chile",2016-04-28,"Jessefort, British Indian Ocean Territory (Chagos Archipelago)"
242,Sally Moses,1938-03-05,"West Josephtown, Zambia",1983-01-03,"Jacquelineview, Angola"
243,Jessica Morales,1953-07-20,"Tannerside, Monaco",2020-10-12,"South Charles, Japan"
244,Ronald Johnson,1976-08-01,"East Tamaratown, Maldives",2022-07-19,"West Jamesborough, Equatorial Guinea"
245,Anthony Jacobson,1966-08-02,"Baileyhaven, Somalia",2010-03-21,"Christianberg, Congo"
246,Zachary Rhodes,1965-11-18,"Kathrynmouth, Falkland Islands (Malvinas)",2016-04-28,"Bobbyfurt, Australia"
247,Sarah Andersen,1963-05-14,"North John, Saint Kitts and Nevis",2003-09-11,"West Bryan, Reunion"
248,Danielle Thompson,1973-02-28,"Rebeccachester, Philippines",2018-11-18,"South Michelleborough, Greenland"
249,Tina Fowler,1959-08-11,"South Samanthabury, Falkland Islands (Malvinas)",2005-02-23,"Darlenebury, Armenia"
250,Jacob Jones,1946-03-08,"Calderonville, British Indian Ocean Territory (Chagos Archipelago)",1991-02-23,"Lake Melaniefort, Guinea-Bissau"
251,Teresa Tran,1936-04-01,"South Kenneth, Latvia",1997-02-03,"Jeffreyside, Iran"
252,Shelby Mclaughlin,1969-07-13,"Sanderston, Iceland",2014-01-03,"Kylemouth, Falkland Islands (Malvinas)"
253,Margaret Wang,1952-04-27,"Rossborough, Gambia",2025-03-01,"East Rachel, Togo"
254,Tammy Ross,1958-02-09,"Kaylaberg, Vietnam",2020-06-24,"Moonview, Macao"
255,Michelle Berry,1969-03-25,"Lake Michael, Barbados",2024-02-27,"South Brent, Ethiopia"
256,Luis Carter,1960-07-05,"Lake Darryl, Palestinian Territory",2013-03-02,"Jeremyport, Liberia"
257,Dustin Valdez,1941-01-03,"North Cindymouth, Bolivia",1993-03-28,"Tannershire, Saint Barthelemy"
258,Lauren Mcdowell,1940-05-14,"West Davidside, Sudan",2004-11-19,"Lake Michaelfort, United Kingdom"
259,Joshua Mcclain,1984-11-21,"Lake Kimberly, United Arab Emirates",2025-03-03,"Melindaview, Sudan"
260,Randall Harris,1957-03-23,"Burgessview, Zimbabwe",2020-03-08,"South Christinaport, Liechtenstein"
261,Timothy Brown,1937-12-22,"Brendanborough, Ireland",1996-10-07,"Brookschester, Afghanistan"
262,Jessica Johnson,1956-02-19,"Coxton, Gabon",2024-10-15,"Coreyborough, Martinique"
263,Danny Boone,1974-09-27,"Danielland, Ghana",2018-01-02,"West Robertborough, Trinidad and Tobago"
264,Janet Schmidt,1974-05-25,"New Dawnhaven, Ireland",2015-08-20,"Amyfort, Dominican Republic"
265,Erika Richardson,1985-05-14,"New Victoria, Jamaica",2025-08-26,"Kellyberg, Sierra Leone"
266,Robert Cuevas,1934-12-05,"Lake Zachary, Denmark",1992-01-08,"Nicholsonchester, Malaysia"
267,Gary Dennis,1976-02-16,"Jeffreyside, Antigua and Barbuda",2016-09-11,"Dianemouth, Iran"
268,Joel Hoffman,1964-03-13,"Snowside, Uruguay",2015-04-18,"South Megan, Cyprus"
269,Barbara Morrison,1969-03-21,"New Renee, Saudi Arabia",2018-09-15,"Timothyborough, Sri Lanka"
270,William Bennett,1981-02-16,"Gonzalesmouth, Philippines",2023-10-15,"Blankenshipchester, Andorra"
271,Cassandra Gonzalez,1975-01-24,"East Annamouth, Zambia",2019-06-16,"Annport, Saint Barthelemy"
272,Daniel Lane,1959-02-12,"Davidsonburgh, France",2024-02-15,"Port Danielleshire, Malawi"
273,Jesse Scott,1976-08-13,"Natalieberg, Central African Republic",2018-10-09,"Johnsonshire, Zimbabwe"
274,April Austin,1983-07-04,"Mckayport, New Zealand",2024-07-31,"Zacharyport, Nicaragua"
275,Ruth Ramirez,1983-12-24,"New Nicole, Belgium",2024-04-23,"Brownbury, Chile"
276,Timothy Bautista,1941-08-15,"West Jenniferview, Lebanon",2005-06-05,"Fischerburgh, Thailand"
277,David Shannon,1952-10-10,"South Arthurborough, Austria",2000-04-15,"Lopezton, Aruba"
278,Lindsey Shaw,1960-06-24,"West Joshuafort, South Georgia and the South Sandwich Islands",2024-10-30,"North Ivanmouth, Gambia"
279,Emily Brady,1960-06-28,"West Meganside, Bangladesh",2008-05-07,"Jacobburgh, Taiwan"
280,Christina Hart,1952-10-23,"West Madisonchester, Congo",1992-11-07,"West Scottberg, Saint Pierre and Miquelon"
281,Tracey Davis,1936-05-05,"Randallborough, Switzerland",1977-01-02,"North Matthew, Malawi"
282,Nicole Fowler,1953-01-26,"East Connormouth, Lebanon",2012-04-06,"Scottmouth, Antigua and Barbuda"
283,Robert Hopkins,1952-10-13,"Jenniferchester, Norfolk Island",2008-06-27,"Vasquezmouth, Bahrain"
284,Jennifer May,1958-12-30,"Lake Anthony, Bahrain",2009-07-02,"Angiefurt, French Southern Territories"
285,Danielle Jackson,1955-06-09,"New Jessicaton, United Arab Emirates",1997-07-04,"Christopherville, Ecuador"
286,Christine Martin,1949-10-30,"Cannonside, Andorra",1990-10-07,"Chavezchester, Cape Verde"
287,Jonathan Perez,1960-05-31,"West Robertfort, China",2002-11-03,"New Robert, Portugal"
288,Angela Walker,1961-01-03,"New Kathleen, Panama",2015-02-12,"Nguyenton, Sri Lanka"
289,Angela Arnold,1951-03-04,"Solisbury, Wallis and Futuna",1995-11-28,"East Amy, Cambodia"
290,Holly Koch,1937-01-06,"Port Michaelfurt, Burkina Faso",2004-05-29,"Longhaven, Sao Tome and Principe"
291,Kathleen Barton,1949-09-08,"West John, Peru",2014-06-18,"Riveraside, Bulgaria"
292,Joseph Jensen,1963-01-29,"Robertstad, Saint Lucia",2018-09-04,"West Angelaburgh, Iceland"
293,Ricardo Wyatt,1954-12-10,"Port Tracey, Lesotho",2022-08-30,"East Amy, Greece"
294,Mckenzie Rodriguez,1964-04-30,"Stephanieside, Taiwan",2016-06-20,"Johnsonborough, Samoa"
295,Steven Morgan,1960-12-15,"Jamesstad, Nauru",2022-02-05,"Barnesland, Gabon"
296,Julia Lee,1950-02-20,"Riveraside, Slovakia (Slovak Republic)",1998-10-30,"Hardingmouth, Bhutan"
297,Luis Larson,1973-07-02,"Popetown, Timor-Leste",2023-01-07,"West Davidberg, Vietnam"
298,Michael Tate,1962-06-08,"North Lauramouth, Micronesia",2025-05-14,"Morganport, Hong Kong"
299,Morgan Lewis,1970-04-22,"Amybury, Gabon",2020-03-03,"Penningtonchester, Jersey"
300,Michael Johnson,1966-05-14,"Jessicaville, Namibia",2023-09-30,"East Lisa, Peru"
301,Michael Hill,1980-11-16,"Frankport, Greece",2022-11-30,"North Ashley, Serbia"
302,Juan Patterson,1965-12-09,"West Victoria, Djibouti",2019-06-28,"South Arielton, Congo"
303,Christopher Navarro,1985-03-12,"Vanessastad, Saint Vincent and the Grenadines",2025-07-22,"Petersonstad, Liberia"
304,Kevin Barnett,1949-08-24,"East Janet, Cambodia",2021-02-14,"Owensburgh, Bahamas"
305,Steven Pope,1971-02-24,"Bergerfurt, Spain",2012-01-03,"Port Shannonberg, Albania"
306,Peter Barrett,1947-04-26,"East Davidfurt, Hungary",1988-12-11,"East Krystalstad, Turkmenistan"
307,Debbie Johnson,1979-09-01,"West Alec, Liechtenstein",2021-02-08,"Port Amyfurt, Tajikistan"
308,Ashley Burke,1977-04-23,"Leetown, Western Sahara",2018-01-31,"Port Renee, Philippines"
309,Joe Johnson,1945-05-23,"Port Raymondbury, Zambia",1997-05-12,"Sharpshire, Cameroon"
310,Mark King,1943-01-28,"Fredberg, Pitcairn Islands",2009-04-14,"North Elizabethview, Cocos (Keeling) Islands"
311,Sierra Gates,1938-02-05,"North Brian, Antigua and Barbuda",2018-10-29,"North Samantha, Antigua and Barbuda"
312,Christopher Sanchez,1939-04-26,"Michaelborough, South Africa",1982-03-10,"East Tamiside, Bulgaria"
313,Tyler Wang MD,1962-05-03,"Chadtown, Tajikistan",2013-10-31,"West Angelabury, Kyrgyz Republic"
314,Leah Jordan,1955-08-23,"Lake Nicole, Netherlands",2008-09-01,"Matthewside, Turkey"
315,Roy Parsons,1961-04-14,"Charlesfort, Mauritius",2010-06-13,"Edwardstown, South Africa"
316,Angel Gray,1942-09-26,"East Mackenzie, Netherlands Antilles",1999-02-14,"Lake Christine, Brazil"
317,Ariel Kennedy,1982-05-24,"West Charleschester, Nauru",2023-09-18,"West Sherry, Dominican Republic"
318,Jack Atkinson,1957-09-09,"East Lori, Ukraine",1998-04-08,"Marshallmouth, Western Sahara"
319,Martin Gamble,1973-11-09,"Grossfort, Somalia",2024-05-18,"Angelachester, Suriname"
320,Timothy Crosby,1980-05-18,"North Amandatown, Singapore",2023-08-09,"Angelaville, Puerto Rico"
321,Dr. Kimberly Johnson MD,1948-01-04,"North Jane, Philippines",1996-07-12,"Port Bryanport, Andorra"
322,Gary Gomez,1940-06-01,"Howellhaven, Saint Helena",1999-09-09,"West Tiffanyborough, Russian Federation"
323,Mark Ferguson,1974-10-03,"West Julianview, Mauritania",2017-02-26,"Newmanville, Kyrgyz Republic"
324,Kathryn Velazquez,1952-04-12,"West Brendan, Timor-Leste",2012-01-28,"North Josephmouth, Gibraltar"
325,Richard Herrera PhD,1984-11-24,"North Judyview, Barbados",2025-07-21,"Ricardotown, Norway"
326,Frank Wilson,1947-05-27,"Sanchezport, Zimbabwe",2015-05-02,"North Jennifer, Egypt"
327,Tanya Cooper,1944-03-27,"Dixonshire, Sudan",2015-09-28,"Powellside, Mozambique"
328,Pamela Yu,1968-04-05,"Lake Faith, French Guiana",2013-02-18,"Macdonaldfort, Greenland"
329,Joshua Deleon,1956-05-03,"Lake Gwendolynport, Palestinian Territory",2012-12-24,"Nicholasland, Mauritius"
330,Eric Powell,1970-06-25,"Alvarezview, Macao",2015-02-01,"Thompsonview, Afghanistan"
331,Donna Guzman,1980-12-27,"Millerborough, Cook Islands",2021-06-29,"North Stephanie, India"
332,Cheryl Matthews,1954-02-03,"East Jill, Pitcairn Islands",2021-03-20,"Port Anthonyfort, Sierra Leone"
333,William Johnson,1969-03-01,"North Melodyshire, Mauritania",2015-11-17,"Jonton, Philippines"
334,Christopher Espinoza,1955-02-10,"East Stacyhaven, Antarctica (the territory South of 60 deg S)",2009-01-01,"Johnsonmouth, Chile"
335,Robert Bell,1948-12-07,"Lake Shannon, Macao",2005-02-20,"Brendaburgh, Macedonia"
336,Raymond Pearson,1965-03-27,"Whitemouth, Colombia",2009-01-13,"Johnsonville, Paraguay"
337,Angela Martin,1949-07-02,"West Zacharyview, Cook Islands",1993-04-13,"Catherinetown, Luxembourg"
338,Eric Griffin,1977-06-07,"Alvinburgh, Azerbaijan",2022-12-19,"West Michaelport, Lao People's Democratic Republic"
339,Amanda Rowland,1967-12-24,"West Angela, Hong Kong",2008-10-03,"Richardborough, Finland"
340,Robert Reid,1982-06-17,"Lake Williamville, United States Virgin Islands",2022-09-11,"Robinsonmouth, Colombia"
341,Justin Ramirez,1950-04-15,"Lake Kristinton, Libyan Arab Jamahiriya",1999-05-14,"New Fredmouth, United States Minor Outlying Islands"
342,Kevin Johnston,1984-05-21,"Larryton, Svalbard & Jan Mayen Islands",2024-07-05,"Rothfurt, Venezuela"
343,Audrey Olsen,1975-12-09,"Taylorborough, Germany",2022-10-26,"Port Mackenzieberg, El Salvador"
344,James Mendoza,1975-03-03,"Port Rebeccaton, New Caledonia",2017-07-27,"North Christinaside, Lao People's Democratic Republic"
345,Justin Hicks,1938-05-11,"South Heather, Grenada",2010-06-07,"New Toni, Mali"
346,Mark Howard,1976-08-13,"Andrewsberg, Syrian Arab Republic",2019-07-04,"New Laura, French Polynesia"
347,Richard Scott,1948-01-09,"Laurenmouth, Guatemala",2023-11-18,"Schmittborough, Finland"
348,Matthew Rogers,1960-12-23,"Port Dianaborough, Cocos (Keeling) Islands",2013-11-02,"Hebertbury, Bahrain"
349,Brian Hampton,1965-02-24,"Griffinfort, Colombia",2009-11-09,"Jenniferborough, Angola"
350,Donald Thomas,1978-05-03,"Mendezville, Norway",2019-04-01,"Shellyshire, Lao People's Democratic Republic"
351,Patricia Mitchell,1945-06-12,"Hernandezmouth, Palestinian Territory",1992-11-18,"Heidiville, Yemen"
352,Caitlyn Hunt,1940-03-02,"Allenberg, Austria",1984-11-27,"Stephaniehaven, Israel"
353,Carrie Burton,1969-02-14,"North Davidstad, Cook Islands",2012-04-02,"Lake Markstad, Guinea-Bissau"
354,Andres Payne,1977-11-27,"New Michael, Italy",2025-08-03,"New Laura, Saudi Arabia"
355,Juan Wallace,1981-11-30,"Adamborough, Sudan",2025-08-30,"Julieshire, Libyan Arab Jamahiriya"
356,James Rose,1977-10-16,"Ramireztown, Taiwan",2021-02-13,"Reginafurt, Guinea-Bissau"
357,Karina Morales,1948-09-16,"East Beth, British Indian Ocean Territory (Chagos Archipelago)",2008-09-13,"Lake Victorport, Armenia"
358,Henry Parks,1962-08-23,"Karenborough, Congo",2013-02-08,"Brandonfort, Turks and Caicos Islands"
359,Amber Fuentes,1959-04-15,"Mahoneyton, Greece",2015-12-31,"New Jamesville, Dominica"
360,Tammy Montgomery,1979-05-28,"Bethhaven, Congo",2019-11-04,"Gloriaborough, Morocco"
361,Melissa Moore,1941-10-23,"North Kyle, Namibia",2021-08-12,"Laurieville, Iraq"
362,David Alvarez,1947-10-23,"Christinahaven, Falkland Islands (Malvinas)",2017-03-26,"Adamsside, Indonesia"
363,Jeffrey Taylor,1937-05-14,"Lake Cynthialand, Holy See (Vatican City State)",2009-05-05,"Derrickmouth, Cote d'Ivoire"
364,Darin Sullivan,1942-11-18,"Schultztown, Yemen",1995-09-07,"Phillipstown, Australia"
365,Juan Lane,1981-02-24,"North Amber, Costa Rica",2022-07-27,"New Albert, Turkey"
366,Michelle Gilmore,1960-02-14,"New Jennifermouth, Falkland Islands (Malvinas)",2021-01-03,"East Ethanchester, Martinique"
367,Veronica Sandoval,1961-12-14,"New Evanmouth, Cayman Islands",2013-08-27,"Jacksonborough, Guernsey"
368,Joe Stephens,1959-04-10,"Cynthiamouth, Venezuela",2016-02-29,"New Richardhaven, Lesotho"
369,Robert Mueller,1980-08-24,"South Amy, Spain",2022-08-21,"East Sarahville, Qatar"
370,Alexis Mills,1948-03-27,"South Kimberlychester, Guinea-Bissau",1993-06-25,"South Crystal, Uganda"
371,Allen Gibbs,1937-07-01,"Port Tracie, Samoa",1978-01-27,"West Ashley, Dominica"
372,Amanda Burch,1959-10-27,"Johnshire, Nepal",2001-07-12,"New Caitlintown, Estonia"
373,Tanya Dean,1954-04-02,"Castroside, Togo",2010-07-25,"North Victoria, Mali"
374,Jared Webb,1964-08-08,"Blackstad, Guatemala",2020-12-11,"Danielleburgh, New Caledonia"
375,Kenneth Young,1963-07-26,"Scottton, French Southern Territories",2023-12-23,"Briannashire, Bermuda"
376,Calvin Moore,1972-08-25,"East Matthew, New Caledonia",2021-12-31,"New Joannatown, Georgia"
377,Jessica Robinson,1961-05-30,"Ellisonfurt, Russian Federation",2014-08-17,"North Gregorymouth, Singapore"
378,Karen Bell,1963-06-08,"Port Mary, Jamaica",2023-01-10,"Paulland, Netherlands Antilles"
379,Gail Harrison,1957-01-02,"West Deborahmouth, Maldives",2016-06-03,"Nathanielborough, Senegal"
380,Nicholas Johnson,1973-05-13,"South Alfred, Reunion",2020-10-26,"South Meganmouth, Congo"
381,Nicholas Morris,1939-01-28,"Port Ronald, China",1997-06-30,"Duketon, Korea"
382,Brian George,1936-04-08,"Johnsonburgh, Chad",2009-10-20,"Coreyport, Comoros"
383,Jennifer Leach,1980-02-16,"Parrishfurt, Estonia",2025-07-07,"Reeseshire, Tuvalu"
384,Christina Pittman,1960-12-27,"Gillshire, Moldova",2015-12-25,"Christinahaven, Cambodia"
385,Cassandra Huynh,1981-08-21,"Lake Sarahshire, New Caledonia",2025-02-09,"Jamesport, Lao People's Democratic Republic"
386,Courtney Gonzalez,1952-10-04,"West Michael, Martinique",2010-12-23,"Lake Tyler, Uzbekistan"
387,Ashley Boyer,1942-08-27,"Harryhaven, United Arab Emirates",2022-04-21,"Marilynfort, Saint Barthelemy"
388,Claire Carrillo,1939-11-04,"Lake Monicahaven, Andorra",2004-11-11,"East Randallland, Andorra"
389,Bailey Nolan,1979-06-29,"Port Julieborough, Russian Federation",2021-10-16,"Lake Heatherbury, Malaysia"
390,John Bowen,1981-11-21,"Huffmanview, Andorra",2024-06-17,"Tyroneville, Dominican Republic"
391,Joseph Saunders,1948-03-09,"Garciaview, Yemen",1995-01-16,"Cabreraberg, Malaysia"
392,Lori Adams,1949-10-01,"Penaburgh, Myanmar",1990-01-07,"Lake Chelseyfort, Palestinian Territory"
393,Rachel Nguyen,1939-09-28,"South Christina, Greece",1994-05-25,"Port Davidstad, Palestinian Territory"
394,Carl Fernandez,1978-03-06,"Johnsontown, Fiji",2022-09-25,"Port Jeremiah, Armenia"
395,Sara Garcia,1959-05-07,"North Victoria, Micronesia",2009-07-14,"New Lisaton, Jordan"
396,Ryan Warren,1973-05-04,"East Heathermouth, French Guiana",2017-04-27,"Wilsonmouth, Congo"
397,Michael Sanchez,1963-06-21,"Batesberg, Trinidad and Tobago",2015-06-29,"East Nicole, Saint Barthelemy"
398,Nicole Hodges,1944-09-17,"South Tamaraville, Netherlands Antilles",2016-07-21,"Port Anthonyberg, Timor-Leste"
399,Jessica Myers,1971-12-30,"Ramosside, Ecuador",2015-02-22,"Floresville, Palestinian Territory"
400,Erica Wilson,1957-08-01,"Lake Amanda, Mozambique",1999-10-25,"Port Michaelhaven, Montserrat"
401,Tommy Clay DVM,1950-09-29,"Nicholasburgh, Macedonia",1993-02-10,"East Austin, Cote d'Ivoire"
402,Margaret Barry MD,1934-11-22,"Leeport, United States of America",2004-11-12,"Port Crystalland, Tokelau"
403,Sandra Zimmerman,1972-01-02,"Jodyborough, Uzbekistan",2023-01-06,"Michelleton, Nauru"
404,Kimberly Holt,1979-01-29,"Joechester, India",2020-11-24,"West Lauren, Denmark"
405,Crystal Hayes,1950-04-23,"Vazquezborough, Nepal",1996-05-10,"South Lee, Palestinian Territory"
406,Christopher Porter,1963-03-28,"East Matthew, Portugal",2020-01-28,"Sanchezbury, Saint Helena"
407,Melanie Villanueva,1943-10-18,"North Zoe, Venezuela",1984-05-02,"New Carolside, Monaco"
408,Kevin Maynard,1959-10-10,"Joseburgh, Finland",2016-07-24,"Lake Kyle, Ethiopia"
409,Mrs. Sabrina Miranda MD,1949-05-05,"Lopezbury, Indonesia",2020-10-12,"West Kevinmouth, Bouvet Island (Bouvetoya)"
410,William Nielsen,1957-03-12,"Morrisside, Central African Republic",2015-02-19,"Port Kendra, Costa Rica"
411,Amanda Martin,1941-08-03,"Adamsstad, Libyan Arab Jamahiriya",1994-10-10,"Saramouth, Costa Rica"
412,Deborah Davis,1981-11-01,"West Eugene, Israel",2025-05-30,"North Joan, Czech Republic"
413,Sean Moore,1940-05-26,"Mallorychester, Saint Vincent and the Grenadines",2019-09-10,"Thomasside, Afghanistan"
414,Joe Hall,1966-09-13,"Michelleside, Christmas Island",2009-02-03,"Lake Dannymouth, Congo"
415,Terrance Anderson,1977-09-10,"East Megan, Ecuador",2022-07-28,"New Emily, Gabon"
416,Jennifer Adams,1941-02-26,"Kellyland, Ukraine",2021-12-12,"West Matthewstad, Sao Tome and Principe"
417,Katherine Nolan,1970-02-02,"Aaronland, Ecuador",2015-01-22,"Lake Cody, Saint Pierre and Miquelon"
418,Catherine Diaz,1983-06-06,"West Gregory, Azerbaijan",2023-11-11,"North Christopherchester, Argentina"
419,Joshua Russo,1983-01-28,"West Luis, Guinea-Bissau",2023-06-15,"Youngtown, Mali"
420,Morgan Munoz,1946-02-15,"West Amy, Moldova",2018-03-31,"Port Johnmouth, Vietnam"
421,Patrick Riggs,1969-04-13,"Lake Shaneland, Mozambique",2013-02-03,"Courtneyburgh, Sri Lanka"
422,Claudia Mcdaniel,1937-07-19,"New Carolynfurt, Finland",1981-08-28,"Lake Jennifer, Bouvet Island (Bouvetoya)"
423,Victor Jones,1979-04-11,"South Mackenzie, Faroe Islands",2020-10-03,"North Veronicaview, British Indian Ocean Territory (Chagos Archipelago)"
424,Richard Smith,1958-01-16,"North Paige, Samoa",2004-10-27,"Port Aprilmouth, Panama"
425,Jocelyn Hansen,1984-12-11,"Hawkinsstad, Sri Lanka",2025-07-03,"South Juliefurt, Belize"
426,Laurie George,1951-04-22,"South Michelle, Slovakia (Slovak Republic)",1994-02-25,"Briantown, Mali"
427,Jeffrey Williams,1978-10-03,"Carlfort, Bangladesh",2020-07-18,"West John, Gambia"
428,Harold Lindsey,1962-07-24,"Loveside, British Virgin Islands",2024-06-22,"Joshuahaven, Palau"
429,Richard Taylor,1961-05-03,"Lauraland, Switzerland",2002-05-24,"Lake Barbarabury, Canada"
430,Kristen Harrison,1946-09-03,"North Tyler, Saint Barthelemy",2010-03-20,"Christophertown, Western Sahara"
431,Dustin Dixon,1983-06-24,"New Jake, Sierra Leone",2023-12-24,"Williamsside, Gabon"
432,Stephanie Atkinson,1982-09-25,"Lake Cynthiafurt, United Arab Emirates",2024-12-25,"Port Sarahberg, Albania"
433,Aaron Hughes,1952-02-19,"New Rachel, China",2007-03-25,"Jennabury, Saint Pierre and Miquelon"
434,Bruce Perkins,1984-03-29,"Lake Tracy, Vietnam",2024-07-23,"Lopezbury, Reunion"
435,James Chase,1955-06-28,"Diazview, Somalia",2017-06-03,"Bakerside, Australia"
436,Kenneth Hawkins Jr.,1949-08-26,"West Frankshire, Christmas Island",2004-02-08,"Monicabury, Kyrgyz Republic"
437,Michael Williams,1960-03-25,"West Alexanderbury, United States of America",2014-10-21,"Andersonstad, Morocco"
438,Benjamin Brennan,1983-06-18,"Sharonhaven, Korea",2024-04-17,"Harrisside, Nauru"
439,Vanessa Wilson,1940-08-26,"Jeffersonville, Israel",2011-11-18,"Lake Dawnborough, Algeria"
440,Michael Mullins,1969-05-15,"East Derek, Myanmar",2013-05-14,"Lake Michael, Palau"
441,Matthew Santos,1983-12-09,"East Brentburgh, Taiwan",2025-04-04,"Williamston, Guinea"
442,Paul Ford,1983-07-22,"East Duane, Saudi Arabia",2024-07-22,"Josephberg, Niger"
443,Kevin Ward,1954-11-25,"Sanchezshire, Israel",2002-04-26,"Youngstad, Bolivia"
444,Charles Burke,1955-07-29,"Lake Gregorychester, Seychelles",2012-05-19,"South Hayleystad, Cyprus"
445,Erin Horton,1984-01-01,"South Michelleville, Grenada",2025-01-31,"Ritatown, Somalia"
446,Lisa Lawrence,1949-02-28,"Hendersonfort, Czech Republic",2021-04-22,"Johnnybury, Hungary"
447,Nicholas Montoya,1981-12-21,"Matthewland, Cape Verde",2022-06-22,"Sarahtown, Uzbekistan"
448,Dennis Grant,1972-07-25,"Port Miketon, Martinique",2017-07-26,"Stevenhaven, Swaziland"
449,Briana Miles,1959-04-03,"West Amberbury, Papua New Guinea",2008-11-27,"Patriciashire, Netherlands Antilles"
450,Matthew Humphrey,1969-01-11,"Johnsonchester, Croatia",2016-08-28,"Lake Jasminefurt, Gambia"
451,Angel Johnson,1944-07-30,"Timothytown, France",2003-10-02,"Hansenmouth, Bangladesh"
452,Paul Shaw,1978-10-10,"Pricebury, Turkey",2023-03-26,"Mccannstad, Faroe Islands"
453,Paul Johnson,1954-06-22,"Wadeburgh, Qatar",2024-09-08,"Port Michael, Tajikistan"
454,Barbara Howard,1955-03-11,"Jennifermouth, Pakistan",2016-07-22,"Jessicahaven, Anguilla"
455,Ryan Griffin,1946-02-16,"Pachecochester, British Indian Ocean Territory (Chagos Archipelago)",2023-04-27,"Ashleytown, Macao"
456,Nicole Price,1960-06-01,"South James, Tunisia",2018-03-19,"Rochaside, Belize"
457,Mary Chavez,1960-07-11,"Robinsonshire, Namibia",2009-11-16,"New Danamouth, Namibia"
458,Diane Hart,1950-09-25,"Kaylaview, Dominican Republic",1991-11-05,"Cohenmouth, Guadeloupe"
459,Jeffrey Mata,1949-02-07,"Alejandrotown, Sierra Leone",2024-03-10,"Heatherton, Italy"
460,David Petty,1978-07-10,"Schwartzland, United States of America",2023-05-20,"Michaelside, Samoa"
461,Rhonda Warner,1935-03-30,"Lake Brandonbury, Kazakhstan",1990-02-06,"Mccormickberg, Comoros"
462,Rebecca Miller,1935-12-31,"South Jennifer, Guernsey",1978-09-25,"South Christopher, Argentina"
463,William Adams,1975-05-25,"Costaland, Bahrain",2024-08-28,"Heatherfort, San Marino"
464,Connor Blair,1977-08-07,"Ericaberg, Hungary",2020-06-25,"Perrytown, Tanzania"
465,Jessica Lambert,1944-10-23,"Craigburgh, Saint Pierre and Miquelon",2003-02-22,"Rossmouth, Turkey"
466,Kim Bailey,1942-06-13,"Lake Sarahview, Zambia",2005-11-24,"New Shelbyhaven, South Africa"
467,Michael Everett,1973-04-02,"Savageview, Congo",2023-07-09,"Burnsshire, Bahamas"
468,Elizabeth Ortiz,1969-04-23,"Millerberg, Kenya",2009-07-21,"Rayport, Antarctica (the territory South of 60 deg S)"
469,Brian Cortez,1969-08-14,"South Ashleystad, Uruguay",2022-06-12,"Ryanberg, Liechtenstein"
470,Ann Russell,1983-11-19,"South Adamport, Togo",2023-12-09,"Johnstonport, Greenland"
471,Debbie Hunt,1959-01-23,"East Mariofort, Benin",2013-09-24,"West Paulshire, Sudan"
472,Christopher Ward,1940-07-24,"North Jessica, Central African Republic",2004-10-17,"South Johnshire, Gibraltar"
473,Linda Cole,1949-08-18,"Lake Cynthiaport, Turkmenistan",2023-04-20,"Darrellland, Hong Kong"
474,Brian Larson,1964-05-25,"Alexisview, Canada",2013-05-01,"Holmeshaven, Guernsey"
475,Parker Huynh,1981-01-24,"Christopherbury, Cocos (Keeling) Islands",2023-02-24,"West Amandafort, Palau"
476,Joseph Woods,1957-01-13,"East Ashleyfort, Saint Vincent and the Grenadines",2010-05-24,"North Jasminechester, Bahamas"
477,Courtney Peterson,1968-05-27,"Diazside, Tanzania",2012-04-28,"Port Jamesmouth, Bahamas"
478,Martin Valenzuela,1955-02-07,"East Amandabury, Hong Kong",2008-07-22,"Simpsonstad, Indonesia"
479,Courtney Fernandez,1966-04-24,"Port Richardchester, Sweden",2011-05-08,"Crystalview, Kazakhstan"
480,Cameron Foster,1951-02-04,"Dustinchester, Maldives",1999-06-26,"Nicolasland, French Southern Territories"
481,Eileen Rodriguez,1980-07-10,"Lake Penny, Hungary",2023-02-13,"Port Ashleytown, Thailand"
482,Gloria Jacobs,1969-06-04,"Port Sharonside, Bermuda",2019-12-28,"Turnershire, Andorra"
483,Jessica Hopkins,1962-03-10,"East Amberside, Malaysia",2016-06-09,"Valenciaside, Uganda"
484,Jeremiah Lee,1978-07-13,"Port Amy, Saint Helena",2018-07-31,"East Carolynfort, Gabon"
485,David Gregory,1950-05-08,"West Brendashire, Sierra Leone",2017-06-10,"Eddieshire, Bouvet Island (Bouvetoya)"
486,Matthew Rivera,1956-08-23,"New Caroline, Poland",1996-09-27,"West Kristina, American Samoa"
487,James Hamilton,1973-01-10,"South Sean, Trinidad and Tobago",2017-07-06,"East Lisaborough, Uzbekistan"
488,Angela Solis,1983-11-20,"Richardsonburgh, Marshall Islands",2024-04-27,"Debraville, South Africa"
489,Kenneth Hess,1935-02-04,"East Jordan, Germany",2015-12-23,"Jamieview, Turkey"
490,Jennifer Greene MD,1969-03-15,"North David, Tonga",2019-04-05,"New Selenaton, Macao"
491,Jordan Smith,1951-05-22,"Contrerasland, Heard Island and McDonald Islands",2010-01-23,"Morrisshire, Rwanda"
492,Jesse Coleman,1941-10-12,"West Alejandrastad, Tokelau",2025-02-04,"South Jacobchester, Guadeloupe"
493,Dustin Mccarty,1966-01-18,"Cameronmouth, San Marino",2009-10-18,"South Alexis, Pitcairn Islands"
494,Robert Ford,1971-06-04,"North Kimberlyton, Heard Island and McDonald Islands",2015-08-08,"West Toddbury, Saint Lucia"
495,Kimberly Burton,1972-10-28,"West Derekbury, Tajikistan",2022-04-05,"New Philip, Gibraltar"
496,Robert Johnson,1948-01-24,"Port Chris, Botswana",1992-08-29,"South Jeffrey, Mexico"
497,Dakota Patel,1934-09-03,"Tiffanyshire, Sweden",2011-05-01,"New Matthew, Iceland"
498,Alyssa Gilbert,1946-08-10,"North Jonathantown, Seychelles",2002-03-07,"Erintown, Gibraltar"
499,Shirley Bautista,1977-06-20,"Chambersside, Monaco",2019-12-16,"North Melissa, Timor-Leste"
500,Paul Navarro,1985-04-26,"New Cindyshire, Korea",2025-05-20,"New Rebecca, Somalia"
501,Donald Evans,1953-10-19,"North Emilyshire, Eritrea",2014-07-16,"Olsonshire, Tokelau"
502,Mary Kennedy,1939-12-17,"Davidton, Moldova",2003-04-24,"Floresside, Grenada"
503,Lisa Ellis,1969-02-25,"Parkerton, Tonga",2018-04-30,"Thomasland, Eritrea"
504,Melissa Morris,1954-11-02,"Lake Lynnton, San Marino",2002-09-24,"South Kevin, Yemen"
505,Justin Smith,1980-05-10,"Jacobchester, Uganda",2023-12-01,"Robertmouth, Dominican Republic"
506,Nathan Baird,1956-05-11,"Scottstad, Montserrat",2018-04-12,"South Michelle, Norway"
507,William Stevens,1961-01-31,"North Michael, Somalia",2017-08-16,"Port Taylorton, Turks and Caicos Islands"
508,Brandon Allen,1982-01-05,"North Erinville, Senegal",2025-03-17,"Lake Joshuastad, Dominican Republic"
509,Jenna Carlson,1949-04-25,"South Jacob, Honduras",2019-01-27,"Lake Stacy, Bahamas"
510,Miguel Pena,1953-01-30,"Johnsonbury, Holy See (Vatican City State)",2003-01-15,"East Allentown, Armenia"
511,Gregory Rivera,1977-04-07,"Lauraland, Burkina Faso",2023-07-07,"South David, Equatorial Guinea"
512,Daniel Mendez,1971-03-29,"Port Michael, Bouvet Island (Bouvetoya)",2017-02-03,"Port Randall, Moldova"
513,Jordan Thomas,1982-08-09,"Lake Angelamouth, Iraq",2024-05-20,"Carriemouth, Mozambique"
514,Kenneth Coleman,1947-04-03,"Port Karashire, Lebanon",1999-02-14,"Lake Josephchester, Lesotho"
515,Jill Barajas,1954-12-09,"East Kim, Egypt",2003-04-09,"Codyton, Cameroon"
516,Joshua Cole,1948-07-02,"Smithburgh, Trinidad and Tobago",2013-06-25,"North Christopherburgh, Australia"
517,Tracy Mitchell,1938-08-12,"Jonesborough, Bangladesh",2021-03-22,"South Alicia, Greenland"
518,Kaitlyn Miller,1984-06-06,"Port Sandratown, Georgia",2025-07-29,"West Brianfurt, United Kingdom"
519,Terry Jenkins,1937-05-22,"Lake Jonathan, Cambodia",1997-11-15,"Paulshire, Argentina"
520,Shannon Johnson,1952-01-11,"Anitaberg, Angola",2020-08-29,"Lake Jasminechester, Hungary"
521,Amanda Johnson,1970-06-04,"Lake Christine, Finland",2013-04-07,"North Joe, Italy"
522,Melanie Wise,1951-07-17,"Lake Tommytown, Zimbabwe",2010-12-08,"New Joseph, Djibouti"
523,Bryan Nielsen,1970-09-22,"Hernandezville, Kyrgyz Republic",2025-08-21,"Georgefurt, Niger"
524,Mary Odom,1936-01-10,"Gutierrezberg, India",2019-02-24,"South Paul, Hong Kong"
525,Daniel Harris,1981-02-02,"Port Robertchester, Slovenia",2021-10-26,"South Justin, Cameroon"
526,Robert Cooley,1972-07-11,"East Briannabury, Latvia",2013-01-10,"Webbside, Mauritania"
527,Andrew Dunlap,1943-09-14,"Thompsonhaven, Lithuania",1996-01-17,"Port Carolville, Congo"
528,Timothy Jones,1940-09-28,"West Katie, Bermuda",1989-08-19,"New Kaitlin, Morocco"
529,Elizabeth Castaneda,1974-05-29,"New Janetland, Christmas Island",2021-05-30,"Robertside, Reunion"
530,Kimberly Ward,1976-10-18,"Grosstown, Monaco",2018-09-22,"Josephview, Denmark"
531,Tammy Reynolds,1969-07-20,"Steinmouth, Guinea",2010-01-25,"Millermouth, Mongolia"
532,Brittany Davis,1964-07-31,"Hernandezshire, Gabon",2013-03-02,"Mitchellchester, United States of America"
533,Ricky Cortez,1966-02-08,"New Rita, Nigeria",2025-08-04,"New Jenniferport, Kazakhstan"
534,Martin Oliver,1957-05-11,"North Paul, Syrian Arab Republic",2008-01-03,"South Laura, Svalbard & Jan Mayen Islands"
535,James Gonzalez,1936-01-30,"North Samanthaburgh, Tunisia",2019-10-09,"Sarahmouth, Bolivia"
536,Thomas Smith,1943-12-07,"Jessicaberg, Turks and Caicos Islands",1987-07-03,"West Emily, Sweden"
537,Sheri Jones,1956-10-05,"Jeremiahbury, Estonia",2010-08-06,"Adamsfort, Mali"
538,Michael Fritz,1953-12-14,"Jacobsburgh, Saint Martin",2021-03-18,"North Kathleenhaven, Holy See (Vatican City State)"
539,Shane Love,1971-09-21,"New Cassandra, France",2018-08-16,"South Melissa, Bahamas"
540,Samuel Lynn,1964-11-29,"West Sharon, Panama",2008-12-20,"Keithmouth, Belize"
541,Julian Payne,1983-04-21,"New Melodyland, Tuvalu",2023-08-23,"Bellside, Korea"
542,Brian Patterson,1937-01-16,"Myersside, Ireland",1978-09-16,"Port Jennifer, Egypt"
543,Mark Odonnell,1983-05-05,"East Johnmouth, Thailand",2023-12-14,"New Kimberly, Cyprus"
544,Jeffrey Cortez,1976-07-23,"Henryville, Cote d'Ivoire",2016-12-10,"North Reginald, Reunion"
545,Christopher Miles,1942-01-19,"North Kyleshire, Saint Helena",1985-04-28,"East Carlosside, Lesotho"
546,Gina Allison,1964-12-08,"Colemanchester, Falkland Islands (Malvinas)",2022-02-07,"West Jamesville, Afghanistan"
547,Gerald Barrera,1977-06-02,"West Laura, Oman",2020-10-29,"Jasonfort, Guernsey"
548,William Davila,1976-10-01,"Port Christopher, Mali",2020-12-27,"Harringtonhaven, Hong Kong"
549,Kelly Garcia,1961-12-08,"Danielstad, Bosnia and Herzegovina",2020-01-24,"Melodyshire, Qatar"
550,James Williams,1964-06-17,"Benitezhaven, Barbados",2008-12-24,"Port Alicia, Nigeria"
551,Michele Smith,1963-11-23,"Carrieton, Angola",2018-05-31,"Lake Laurafort, Grenada"
552,Laura Mccoy,1946-11-21,"East Joshuafort, Iran",2008-11-08,"Warnerview, Sierra Leone"
553,Christopher Cochran,1946-10-24,"Whiteport, Kuwait",1986-11-16,"Lake John, Greece"
554,Jason Huffman,1965-05-04,"Diamondchester, Angola",2023-12-20,"Lake Maria, Indonesia"
555,Nicole Wilson,1969-03-05,"Williamfort, South Africa",2024-03-25,"New Heathershire, Georgia"
556,Michael Barrett,1949-12-14,"Davidton, Liberia",2001-11-29,"West Paulside, Paraguay"
557,Bernard Nash,1943-07-10,"Jasonhaven, Eritrea",1986-09-20,"North Makaylaburgh, Cameroon"
558,Jessica Rodriguez,1968-06-13,"Cameronmouth, Spain",2020-05-14,"East Jamesstad, United Arab Emirates"
559,Allen Garcia,1946-08-28,"Hardyport, Mali",1994-02-15,"South Staceyborough, Heard Island and McDonald Islands"
560,Erica Gibbs,1976-09-29,"West Victor, Barbados",2024-05-23,"Lake Cynthia, Brazil"
561,Jerry Baird,1959-05-24,"New Daniel, Syrian Arab Republic",2017-08-04,"Matthewton, Uruguay"
562,Dennis Willis,1974-10-11,"Jillville, Papua New Guinea",2018-04-11,"Moniqueshire, Trinidad and Tobago"
563,Teresa Wallace,1965-09-02,"New Karafort, Spain",2017-11-17,"Ashleymouth, Sao Tome and Principe"
564,Renee Griffin,1974-12-05,"North Steven, Liechtenstein",2020-02-08,"Lake Brandi, Afghanistan"
565,Jerry Rodriguez,1948-10-21,"Austinside, Burundi",2021-09-17,"Port John, British Indian Ocean Territory (Chagos Archipelago)"
566,Melissa Hill,1950-01-11,"Michelemouth, Botswana",2014-12-07,"Seanburgh, Solomon Islands"
567,Amber Underwood DVM,1955-11-04,"Hernandezborough, Israel",2007-02-16,"South Jasmine, Gabon"
568,Laura Boyle,1946-12-05,"West Georgeland, Bosnia and Herzegovina",2010-05-09,"East Beth, Saudi Arabia"
569,Julie Johnson,1980-03-01,"Connorport, Guernsey",2020-12-13,"Richardbury, Serbia"
570,Julie Myers,1964-12-08,"Schneidershire, Haiti",2005-02-06,"Beckfurt, Uganda"
571,Nicholas Harvey,1954-10-26,"South Vincent, Togo",2012-10-14,"Cookland, Cyprus"
572,Tommy Clements,1969-08-11,"Moranfurt, Vanuatu",2018-10-14,"Port Stephen, Western Sahara"
573,Regina Davis,1938-05-01,"Hooperville, United States Virgin Islands",2009-06-02,"Markside, Gibraltar"
574,Ashley James,1937-11-22,"North Jackie, United States of America",2015-06-08,"Wrightville, Guadeloupe"
575,Mr. Timothy Bailey,1942-03-04,"South Kristen, Spain",2003-06-23,"Williamport, Mali"
576,Angela Madden,1951-05-27,"South Kelsey, Paraguay",2001-07-12,"Wilsonburgh, Tonga"
577,James Nash,1972-08-25,"Lake Scottberg, Somalia",2014-05-27,"New Michael, Hungary"
578,Michael Palmer,1962-07-22,"Annaville, Falkland Islands (Malvinas)",2015-06-01,"New Johnberg, Cuba"
579,Mrs. Debra Juarez,1943-03-13,"West Michael, Kuwait",1999-05-07,"North Matthew, Canada"
580,Jeffrey Cochran,1953-06-17,"Jeanville, Bosnia and Herzegovina",1996-05-12,"Rogerschester, Montserrat"
581,Tiffany Stewart,1984-10-08,"Cruzland, Saint Helena",2025-04-17,"East David, Sierra Leone"
582,Marc Morris,1940-08-31,"Port Marcbury, Indonesia",1984-10-06,"Travisville, United States of America"
583,Sharon Moran,1937-09-16,"Loganchester, Bermuda",1997-08-12,"Shellyport, Honduras"
584,Brandi Lopez,1937-07-18,"Davisview, Congo",1999-10-09,"South Patricia, Rwanda"
585,Patrick Nunez,1976-11-19,"West Matthewshire, Netherlands Antilles",2019-01-12,"North Anna, Ecuador"
586,Gerald Francis,1954-09-25,"South Ericville, Bahrain",1999-04-11,"New Kevin, Lao People's Democratic Republic"
587,Cathy Martin,1959-01-01,"New Joshua, Jamaica",2010-04-23,"East Mason, Greenland"
588,Alan Parker,1939-11-17,"West Richard, Slovakia (Slovak Republic)",2021-04-13,"North Johnburgh, Lesotho"
589,Ashley Grimes,1950-09-30,"Gonzalestown, Antigua and Barbuda",1999-07-20,"Bentleyburgh, Maldives"
590,Catherine Bond,1956-09-13,"Port Keithstad, Vietnam",2010-08-03,"Lopezchester, Cape Verde"
591,Jasmine Davis,1973-03-04,"Lake Brandifort, Cyprus",2014-08-22,"West Nicholasberg, Lao People's Democratic Republic"
592,Amber Robbins,1959-03-28,"North Bryanton, Grenada",2022-03-11,"Andrewberg, Puerto Rico"
593,Eric Bowman DDS,1982-03-06,"Kristentown, Saint Lucia",2023-04-11,"Ramirezmouth, Wallis and Futuna"
594,Mark Mcpherson,1953-01-21,"Oliverberg, Guam",1995-09-03,"Lake Wayne, Egypt"
595,Barbara Johnson,1969-04-11,"Williamsonport, Mongolia",2025-07-04,"Banksshire, Armenia"
596,Peter Obrien,1972-06-29,"Elizabethburgh, Maldives",2024-06-22,"Port Ashleymouth, Korea"
597,Virginia Williams,1961-04-08,"Christopherfurt, Northern Mariana Islands",2023-02-24,"West Trevorport, Saint Helena"
598,Amanda Oconnell,1964-04-10,"Johnnyland, Iraq",2016-02-14,"Lake Michael, Saint Barthelemy"
599,Terry Farley,1982-02-15,"Aaronport, Guernsey",2023-06-30,"Stacyberg, Uganda"
600,Mark Warren,1963-03-14,"Joshualand, Solomon Islands",2005-08-07,"Lake Larryland, Nicaragua"
601,Andrew Gonzalez,1970-03-12,"North Kathrynville, Singapore",2016-12-07,"Sherrymouth, Martinique"
602,Kimberly Henry,1982-04-12,"Lisaland, Congo",2025-06-23,"Ingramberg, Kiribati"
603,Aaron Gutierrez,1941-12-28,"Hobbschester, Costa Rica",1994-05-05,"Fernandezchester, Zambia"
604,Matthew Flores,1978-08-23,"Lake Adrianton, Greenland",2025-05-15,"Katherinemouth, Algeria"
605,Todd Alexander,1957-12-31,"Flowersberg, Turkey",2005-02-27,"Jenniferfurt, Tajikistan"
606,Dan Grant,1940-12-27,"Kingbury, Slovakia (Slovak Republic)",2023-07-16,"Arroyoburgh, Slovakia (Slovak Republic)"
607,Richard Wong,1965-05-24,"Port Jaime, Saint Martin",2023-03-02,"Tatehaven, Denmark"
608,Jeffrey Smith,1959-03-03,"North Ashley, Argentina",1999-06-24,"Douglasstad, Slovenia"
609,Veronica Kennedy,1967-07-16,"Lake Matthew, Mexico",2019-01-13,"North Stephanie, French Southern Territories"
610,Terry Jackson,1966-02-20,"Maryberg, Gambia",2023-12-12,"Lake Taraland, Saint Helena"
611,Christopher Jordan,1984-07-21,"Benjaminside, Portugal",2024-08-30,"North Gwendolynmouth, Mexico"
612,Stephanie Roberts,1940-07-25,"Mirandaland, Mauritania",1991-12-27,"Solismouth, Madagascar"
613,Lauren Parker,1964-08-25,"Parksborough, Czech Republic",2023-04-23,"Milesfurt, Saint Kitts and Nevis"
614,Edward Perez,1970-05-25,"Port Brandon, Qatar",2023-08-05,"East Aaronland, Heard Island and McDonald Islands"
615,Carl Cobb,1962-12-06,"South Michaelberg, Comoros",2024-06-23,"Mcintyreberg, Luxembourg"
616,Kristie Henry,1950-12-01,"Lake Sarah, Liberia",2025-05-10,"Bettyport, Solomon Islands"
617,Shannon Kerr,1953-10-17,"New Luis, Macedonia",2021-08-09,"West Stephanie, Afghanistan"
618,Donna Thomas,1953-01-17,"East Michele, Seychelles",2013-09-20,"Dylanburgh, Norway"
619,Richard Jenkins Jr.,1964-01-05,"Gallegostown, Iran",2004-04-01,"Port Tinahaven, Micronesia"
620,Douglas Ray,1946-10-29,"Phillipfurt, Pitcairn Islands",2001-02-22,"Port Lauren, Angola"
621,Dr. Timothy Rose,1973-11-08,"Richardsonberg, South Georgia and the South Sandwich Islands",2014-06-03,"Port Trevor, Chile"
622,Rhonda Chaney,1953-12-04,"Erikamouth, South Georgia and the South Sandwich Islands",2001-08-20,"Kington, Brunei Darussalam"
623,Sandra Ball,1941-07-23,"Chantown, Congo",2020-11-14,"Lake Aaronhaven, Japan"
624,Ronald Moore,1963-01-19,"West Anthonyhaven, Macedonia",2012-01-03,"Millerhaven, China"
625,Tammy Mann,1960-01-03,"East Andrew, Tuvalu",2015-07-06,"Johnshire, Botswana"
626,Mason Smith,1957-02-17,"Everettshire, Micronesia",2013-08-30,"West Kelly, Malawi"
627,Richard Ayala,1938-03-22,"Rachelshire, Greece",2012-09-14,"Lunatown, Serbia"
628,Denise Hall,1952-08-05,"Sanchezfort, Senegal",2018-05-11,"Karenberg, Tunisia"
629,Vickie Mcguire,1946-07-18,"Josephchester, Guadeloupe",1991-01-05,"Molinaberg, Spain"
630,Robert Smith,1978-05-31,"New Kristinatown, Moldova",2025-01-29,"West Williamton, Argentina"
631,Ruben Harris,1979-07-12,"Maryview, Niue",2020-04-30,"Cortezfurt, Falkland Islands (Malvinas)"
632,Jennifer Moss,1963-06-13,"Briannashire, Cote d'Ivoire",2009-04-18,"Wilsonchester, United Kingdom"
633,Brittany Rivera,1982-04-28,"Marioside, Guadeloupe",2022-06-11,"Johnstad, Lithuania"
634,Brian Larson,1957-12-05,"Adamschester, Greenland",2006-09-24,"New Robert, Cayman Islands"
635,Adrian Green,1939-07-29,"Victoriaborough, Czech Republic",1984-11-26,"Mcdonaldmouth, Ukraine"
636,Earl Burns,1980-09-30,"Blakeview, Svalbard & Jan Mayen Islands",2024-11-08,"East Devinton, Senegal"
637,James Woodward,1979-11-03,"South Grace, Gibraltar",2024-12-09,"Andrewbury, Mauritania"
638,Rebecca Nguyen,1936-08-11,"Port Jeffreyton, United States Virgin Islands",1999-06-19,"Grahamhaven, Azerbaijan"
639,Brett Rodriguez,1944-05-12,"Elliottburgh, Guadeloupe",1996-04-29,"South Carrie, Philippines"
640,Melissa Vance,1936-05-21,"West Jessica, United States Minor Outlying Islands",1977-10-01,"Jacobville, Hungary"
641,Deborah Robertson,1970-04-04,"Carolchester, Congo",2021-02-18,"Combshaven, Rwanda"
642,Douglas Christensen,1945-03-07,"Sarahtown, Saint Martin",1985-11-07,"Port Dale, Luxembourg"
643,Kathy Brown,1954-02-27,"Keyton, Svalbard & Jan Mayen Islands",1996-04-07,"Lake Erinland, Turkey"
644,Jose Carrillo,1977-01-09,"Taylorstad, Falkland Islands (Malvinas)",2018-02-05,"East Daniel, Philippines"
645,Gina Hill,1977-01-14,"Schmidtview, Wallis and Futuna",2020-01-07,"Fieldsmouth, Japan"
646,Catherine Harris,1984-10-21,"Davidland, Micronesia",2025-07-15,"West Kimberly, Ukraine"
647,Debra Glover,1959-04-24,"North Jeremy, Bangladesh",2017-01-22,"Patrickfort, Namibia"
648,John Hawkins,1980-07-02,"Patriciafort, Turks and Caicos Islands",2025-04-19,"North Jasonside, San Marino"
649,Robin Parker,1938-06-16,"Wendyberg, Brazil",1984-01-14,"Lake Suzanneland, Iran"
650,Patricia Olson,1974-08-06,"Deborahtown, Palestinian Territory",2019-06-24,"South Rick, Antigua and Barbuda"
651,Michael Williamson,1970-07-28,"Gilmoretown, Greece",2021-05-04,"New Jacquelinestad, Saint Pierre and Miquelon"
652,Emily Paul,1941-10-27,"Port Jordan, Palau",2006-11-22,"West Michael, Jamaica"
653,Jennifer Berry,1936-05-13,"Palmerview, Tajikistan",2014-04-23,"East Krystal, Croatia"
654,Patty Ward,1961-06-28,"New Timothy, Barbados",2022-02-23,"South Kristen, Sudan"
655,Lisa Howard DDS,1958-10-29,"Nicoleshire, Western Sahara",2011-10-14,"Julieview, Angola"
656,Frederick Baldwin,1953-02-04,"West Cynthiaville, French Polynesia",2005-06-01,"Ashleyview, Guam"
657,Angela Burton,1983-08-24,"Timothyshire, Cyprus",2023-08-30,"Justintown, Montenegro"
658,Nancy Baker,1981-11-05,"East Thomas, Vietnam",2025-07-09,"South Sarah, Cape Verde"
659,Bradley Jones,1973-01-28,"Travischester, Gabon",2019-01-17,"Johnsonton, Central African Republic"
660,Michael Duncan,1949-02-13,"Lake Tracyberg, Israel",1997-11-29,"Port Logan, Niue"
661,Kevin Wise,1965-09-25,"East Monique, Niger",2024-03-15,"Port Adam, Palau"
662,Melanie Hickman,1951-11-01,"Lake Lisaville, Liberia",2010-10-21,"Francoburgh, Poland"
663,Steven Ibarra,1970-10-26,"Kristenhaven, Myanmar",2022-02-06,"West Tylerhaven, Djibouti"
664,Scott Donaldson,1969-10-08,"East Ann, Trinidad and Tobago",2024-05-24,"Gonzalezville, Guadeloupe"
665,Anthony Walsh,1938-07-08,"East Daniel, Pakistan",1993-06-20,"South Rebeccastad, Wallis and Futuna"
666,Dana Cook,1945-01-15,"Anthonyberg, British Indian Ocean Territory (Chagos Archipelago)",2017-06-11,"East Devin, Puerto Rico"
667,George Mcclure,1984-05-13,"Port Jesseville, New Caledonia",2025-05-01,"Justinbury, French Guiana"
668,Michael Archer,1974-03-29,"North Lorraineside, Svalbard & Jan Mayen Islands",2023-04-06,"Georgehaven, Central African Republic"
669,Stephanie Williams,1983-12-29,"West Joannachester, Ireland",2025-04-14,"Port Ellen, Niue"
670,Debra Buchanan,1955-02-20,"Washingtonville, Chad",2020-08-15,"Robertchester, Oman"
671,Melissa Mccoy,1978-07-23,"Nataliechester, Mayotte",2018-12-20,"Patelburgh, Svalbard & Jan Mayen Islands"
672,Helen Harris,1937-09-11,"Meganmouth, Peru",1988-03-02,"Port Sandra, Kiribati"
673,Jessica Romero,1984-10-15,"New Josephport, Turks and Caicos Islands",2024-11-03,"South Heather, Iraq"
674,Blake Ortiz,1961-08-08,"Rodriguezburgh, Belarus",2014-12-23,"Port Nicholas, Saint Kitts and Nevis"
675,Julie Jones,1960-06-30,"New Angeltown, Angola",2025-08-25,"Lake Billchester, Iceland"
676,Danielle Fields,1969-08-19,"North Russell, Jordan",2023-01-02,"East Charles, Cameroon"
677,Michelle Gilbert,1977-04-02,"Williamsville, Kenya",2021-10-17,"East Brian, United Arab Emirates"
678,Mr. Brian Williams,1962-09-25,"Lake Melissafurt, Liberia",2004-11-01,"Owensburgh, Croatia"
679,Norman West,1956-01-11,"Ryanside, Nepal",2015-11-04,"Jeromebury, Kazakhstan"
680,Michael Thompson,1980-07-14,"Stevensville, Djibouti",2024-06-27,"Barberhaven, Tajikistan"
681,Jessica Osborne,1951-03-31,"Cookfort, Andorra",2000-08-14,"Esparzahaven, Mauritania"
682,Carlos Mitchell,1955-07-03,"South Joshualand, Ghana",2003-03-26,"Lake Lauraborough, France"
683,Ronnie Fry,1953-01-30,"Crystalchester, Ukraine",2001-11-19,"East Albert, Tunisia"
684,Jennifer Myers,1941-11-03,"Tammystad, Central African Republic",1988-06-08,"North Johnshire, Mali"
685,Shaun Crawford,1944-05-04,"Lake Daniel, Bosnia and Herzegovina",2022-01-20,"Brandonside, Afghanistan"
686,Samuel Chan,1947-06-24,"Wuville, Guinea-Bissau",1989-02-19,"Jenniferton, Trinidad and Tobago"
687,Rhonda Mosley,1943-06-30,"Hullmouth, France",2011-05-04,"East Barry, Lebanon"
688,Billy Williams,1983-03-01,"Michaelton, Venezuela",2025-01-29,"New Lauraberg, Suriname"
689,Sierra Ball,1983-04-14,"East Paul, Saint Barthelemy",2024-09-18,"Elizabethfort, Netherlands Antilles"
690,Jordan Benjamin,1982-02-08,"Lake Codyhaven, Grenada",2024-03-25,"Nicholsonmouth, Philippines"
691,Troy Benson,1956-11-22,"Jessicafurt, Korea",2015-02-01,"Ferrellmouth, Brunei Darussalam"
692,Jason Haynes,1978-03-08,"South Jessicatown, El Salvador",2023-12-31,"Davidbury, Cameroon"
693,Micheal Ritter,1966-07-07,"Stephensstad, Yemen",2006-12-27,"Johnmouth, Lesotho"
694,Mark Ramirez,1937-03-30,"Jonathanburgh, Isle of Man",1981-06-07,"Castillomouth, Maldives"
695,John Schmidt,1981-06-22,"North Christineport, Kazakhstan",2022-05-16,"Clarkville, American Samoa"
696,Brent Hubbard,1940-09-10,"West Melissa, French Southern Territories",1984-11-12,"Cindymouth, Finland"
697,Tamara Edwards,1953-05-03,"New Elizabeth, Maldives",1993-07-07,"Alvarezview, Lesotho"
698,Bobby Burns,1939-12-07,"Christineville, Tuvalu",2015-02-22,"South Sarah, Lao People's Democratic Republic"
699,William Smith,1968-03-09,"Trevorville, Palestinian Territory",2010-02-18,"Derekside, French Southern Territories"
700,Austin Sanchez,1953-01-01,"Danieltown, Anguilla",2023-09-13,"Josephfort, Israel"
701,Jill Haney,1982-02-04,"Port Michellehaven, Somalia",2025-05-19,"North Lawrence, Liberia"
702,Todd Sawyer,1985-08-29,"East Morgan, Poland",2025-08-29,"Turnerport, Central African Republic"
703,Jacob Daniels,1951-11-26,"West Barbaraville, Saint Barthelemy",2022-01-09,"East Jamesshire, Australia"
704,Michael Tate,1941-05-30,"Foxmouth, Cape Verde",1988-06-28,"Romeroside, Cyprus"
705,Timothy Fuller,1977-01-08,"Stricklandstad, Cambodia",2023-04-14,"Mariashire, Albania"
706,Cory Sims,1966-08-14,"New Matthewtown, Oman",2007-11-16,"New Shawnachester, Myanmar"
707,Leslie Butler,1962-06-30,"New Michael, Botswana",2010-10-08,"Jenniferfurt, Bouvet Island (Bouvetoya)"
708,Dr. Penny Harris,1944-10-25,"Lake Nathanielville, Burundi",1994-05-18,"Williamshire, Hungary"
709,Steven Murray,1964-05-02,"South Daniel, Bhutan",2015-06-15,"Danieltown, Malawi"
710,Anne Kirk,1969-08-30,"Amandaport, French Guiana",2023-09-17,"Alanland, Reunion"
711,Julia Ramirez,1973-05-28,"North Nancy, Lesotho",2014-09-27,"Thomasburgh, Papua New Guinea"
712,Elizabeth Richard,1977-02-06,"New Stacie, El Salvador",2018-07-10,"Petersonside, New Caledonia"
713,Sherry Fuentes,1969-09-13,"Lake Elaineport, Northern Mariana Islands",2022-03-03,"New Hectorport, Italy"
714,Mark Bell,1971-03-10,"North Dorothyfurt, Cambodia",2025-06-26,"Lake Ronald, Wallis and Futuna"
715,Christopher Nelson,1959-06-06,"Christopherbury, South Africa",2016-03-31,"Phyllisfort, Croatia"
716,Mary Kim,1960-12-07,"Crystaltown, Hungary",2007-03-21,"Russellview, Pakistan"
717,Samantha Shaw,1935-02-28,"Reginafort, Guam",1980-05-21,"East Seanberg, Ukraine"
718,Melissa Powers,1985-08-19,"Carolmouth, Georgia",2025-08-19,"Susanbury, El Salvador"
719,Joshua Nelson,1935-05-20,"West Todd, Monaco",1991-09-28,"Donnahaven, Denmark"
720,Steve Martinez,1962-05-13,"Alexandraburgh, Saint Helena",2022-09-04,"Huffmanport, Netherlands Antilles"
721,Benjamin Perry,1959-08-15,"East Billchester, Saint Lucia",2003-04-03,"Port Brandi, Bouvet Island (Bouvetoya)"
722,Joseph Davis,1981-01-24,"Mckinneyhaven, Taiwan",2025-01-25,"Garyburgh, Mexico"
723,Erin Scott,1936-02-12,"Smithstad, Faroe Islands",1984-01-21,"West Dennismouth, Monaco"
724,Leslie Bowen,1940-12-05,"Masonport, Sudan",2001-03-06,"West Rachel, Aruba"
725,Jean Frank,1958-05-21,"Davisside, Lithuania",2008-02-27,"Parksville, Mozambique"
726,Shane Herrera,1953-09-23,"Mitchellfort, Germany",1995-08-23,"Shahhaven, Mexico"
727,William Mahoney,1977-03-27,"Douglasmouth, Niger",2020-10-19,"New Larrychester, Kyrgyz Republic"
728,Joseph Huber,1982-09-03,"East Dawn, Zambia",2023-06-11,"New Albert, Anguilla"
729,Traci Smith,1935-08-29,"Glennfort, Guam",2025-04-13,"South Helen, Congo"
730,Joshua Burns,1952-04-18,"East Christopher, Qatar",2004-01-29,"Matthewmouth, Djibouti"
731,Brett Potter,1964-01-22,"Lake Luis, Angola",2024-10-05,"Nicholeborough, Guam"
732,Gary Hall,1950-04-28,"Christianfurt, Luxembourg",1996-05-03,"Malloryville, Bangladesh"
733,Courtney Robinson,1952-09-27,"Lake Robinmouth, Saint Kitts and Nevis",1992-10-30,"Johnsonbury, Cocos (Keeling) Islands"
734,Kimberly Kelly,1966-01-21,"West Nathan, Monaco",2008-09-01,"Phelpsborough, Nigeria"
735,Sarah Rose,1967-09-21,"South Cheryl, Iraq",2010-02-09,"Lake Sheilaville, American Samoa"
736,Keith Mack,1951-09-27,"West Marissaview, Greenland",2006-07-03,"Smithmouth, Central African Republic"
737,Megan Davis,1954-09-21,"Youngport, Mexico",2000-09-30,"Joycestad, Isle of Man"
738,Andrew Rogers,1953-11-28,"Tammyton, Saint Kitts and Nevis",2020-10-27,"Johnsonfurt, Malaysia"
739,Mariah Cruz,1982-04-19,"North Jamesville, Guam",2025-07-14,"Lake Matthew, Equatorial Guinea"
740,Crystal Salazar,1957-12-04,"Nelsonside, Bouvet Island (Bouvetoya)",2013-03-19,"Dustinbury, Jersey"
741,Cassandra Gonzalez,1943-05-16,"Lanceport, French Polynesia",1997-01-04,"Lake Renee, British Indian Ocean Territory (Chagos Archipelago)"
742,Joan Matthews,1954-11-04,"Amyberg, Tuvalu",2017-06-11,"Wilsontown, Indonesia"
743,Tiffany Galvan,1963-11-27,"Grayborough, Oman",2018-06-16,"South Williambury, France"
744,Michael Richards,1970-08-26,"South Michael, Zambia",2017-03-21,"Port Rodney, Georgia"
745,Brian Spence,1982-08-09,"East Sarahville, Cyprus",2022-11-10,"Howardville, Pitcairn Islands"
746,Shawn Robinson,1981-01-10,"Nancyhaven, Antarctica (the territory South of 60 deg S)",2022-05-26,"Crystalport, Brazil"
747,Jamie Ross,1953-03-20,"Mathischester, Australia",2022-09-18,"East Richardmouth, Malawi"
748,Ryan Leon,1942-08-26,"Heatherstad, United States Minor Outlying Islands",2014-07-11,"New Samuelshire, Liberia"
749,Jason Thompson,1943-11-30,"North Shane, Thailand",1986-03-21,"Tonyafort, Guinea"
750,Matthew Wade,1974-07-08,"West Noahfort, Holy See (Vatican City State)",2025-05-24,"Warrenshire, Jersey"
751,Joshua Allen,1950-08-16,"South Debra, Marshall Islands",2020-12-30,"New Jacqueline, France"
752,Cody Cruz,1968-08-01,"Port Jennifer, Niue",2022-04-17,"North Victoriaton, British Indian Ocean Territory (Chagos Archipelago)"
753,Victor Kemp,1949-04-07,"Kellyland, Brunei Darussalam",2008-02-21,"North Michael, Gambia"
754,Shannon Taylor,1940-10-27,"New Joshuahaven, Hungary",2011-11-23,"Amystad, India"
755,Suzanne Mcclure,1969-11-07,"Port Steven, Austria",2025-05-04,"Bradleymouth, New Caledonia"
756,Jonathan Thompson,1985-05-10,"East Suzannefort, Benin",2025-06-16,"Port Sharonview, Equatorial Guinea"
757,Karla Scott,1940-01-12,"Port Nicholas, Ireland",2011-03-01,"Danielsville, Antigua and Barbuda"
758,Laurie Wright,1949-05-05,"East Danny, British Indian Ocean Territory (Chagos Archipelago)",2003-12-20,"Lake Keith, Greenland"
759,Thomas Cobb,1937-11-01,"North Charlesbury, Iran",2004-10-19,"Port Janeville, France"
760,Jerry Jones,1951-02-13,"Port Hannah, Niue",2006-08-06,"West Jefferyview, Angola"
761,Jason Baker,1962-02-15,"Bradyborough, Australia",2020-11-29,"Michaelstad, Ireland"
762,Emily Carr,1968-07-24,"Mayberg, Austria",2023-05-23,"Jenniferhaven, Pitcairn Islands"
763,Jared Davis,1971-10-26,"Bryantland, Wallis and Futuna",2021-10-25,"North Jacqueline, Brunei Darussalam"
764,Casey Thornton,1973-02-11,"Jenniferview, Saudi Arabia",2017-02-14,"Davidville, Netherlands"
765,Richard Brown,1953-09-24,"North Cynthiaview, Netherlands Antilles",2009-06-17,"North Sarah, Marshall Islands"
766,Shelby Davis,1981-08-10,"Anthonymouth, Russian Federation",2022-12-07,"South Christinabury, Aruba"
767,Jonathan Mitchell,1944-04-11,"Montgomeryview, Holy See (Vatican City State)",2019-06-25,"East Jamieton, Japan"
768,Joseph Wall,1975-09-13,"West Williammouth, Anguilla",2021-04-13,"Robertomouth, Cape Verde"
769,Kevin Mcpherson,1940-12-02,"Port Ana, French Polynesia",2025-05-25,"South Ryanchester, Colombia"
770,Anne Roberts,1965-08-01,"Salashaven, Israel",2016-07-28,"West Michael, Somalia"
771,Victoria Fitzpatrick,1969-11-06,"Port Davidmouth, British Indian Ocean Territory (Chagos Archipelago)",2010-04-08,"Elizabethhaven, British Virgin Islands"
772,Gregory Foster,1944-07-08,"Hollyborough, Bosnia and Herzegovina",1994-05-20,"Lake Morgan, Pakistan"
773,Craig Cunningham,1945-07-12,"Donnaberg, Lesotho",1999-11-02,"Lake Sherry, Gambia"
774,Stephen Vargas,1979-09-17,"Gutierrezchester, Georgia",2023-09-26,"East Rebecca, Azerbaijan"
775,Amy Harris,1940-01-14,"Danielland, French Southern Territories",2025-02-02,"North Brian, United States Virgin Islands"
776,Clayton Kelley,1946-07-29,"Garciaville, Solomon Islands",1998-12-20,"New Seanview, Malaysia"
777,Dana Johnson,1953-03-16,"Thompsonmouth, Mexico",2013-03-28,"Hollyfort, Lesotho"
778,Travis Green,1953-05-19,"North Melissaside, Venezuela",1998-11-16,"West Ashleyborough, Finland"
779,Melissa Best,1965-11-13,"East Annmouth, Luxembourg",2024-12-15,"East Jeremiahport, Tunisia"
780,Eric Weaver,1952-06-17,"Teresaview, Somalia",2011-08-29,"Port Desireetown, Brazil"
781,Johnathan Rodriguez,1975-01-17,"North Ashley, Afghanistan",2020-05-19,"Port Kristopherhaven, Maldives"
782,Joseph White,1977-12-18,"Teresafurt, Bosnia and Herzegovina",2025-07-10,"Sandraburgh, British Indian Ocean Territory (Chagos Archipelago)"
783,Adam Briggs,1976-05-31,"Port Janice, Ireland",2017-08-19,"North Cheryltown, Western Sahara"
784,Anna Robertson,1948-06-02,"Port Casey, Montserrat",1992-11-18,"Cookeview, Sudan"
785,Becky Miller,1984-05-06,"Lake Joshua, Ethiopia",2024-08-06,"North Melissa, Iraq"
786,Daniel Bishop MD,1961-06-21,"New James, Cote d'Ivoire",2021-03-16,"Randalltown, Papua New Guinea"
787,Mark Banks MD,1967-08-18,"East Pamela, Czech Republic",2023-10-13,"Jensenland, Equatorial Guinea"
788,Alejandro Morales,1945-04-07,"Flowerston, Greece",2004-02-04,"West Jeffburgh, Saint Kitts and Nevis"
789,Lisa Clark,1938-07-23,"Smithside, Pakistan",1983-04-29,"Cynthiaburgh, Iran"
790,Melinda Carter,1985-03-17,"East Davidview, United States of America",2025-08-19,"Port Keith, India"
791,Emily Perkins,1981-02-24,"Roberttown, Armenia",2024-07-24,"Port Billy, Holy See (Vatican City State)"
792,Brandon Pugh,1944-11-16,"Jacksonland, Mauritius",1987-05-03,"South Ivan, Tanzania"
793,Michael Haynes,1958-11-24,"North Mikaylatown, Macedonia",2018-04-18,"Stanleychester, Macedonia"
794,Kimberly Cruz,1981-05-03,"Heidibury, Tuvalu",2024-01-07,"Toddside, Myanmar"
795,Troy Ferguson,1952-09-03,"Jesseberg, Cameroon",2003-01-10,"North Nicholas, Lithuania"
796,Kyle Johnston,1943-10-16,"Jonesmouth, Guyana",2023-09-18,"North Wandaton, British Virgin Islands"
797,Vanessa Butler,1966-01-01,"South Staceyton, Spain",2011-12-28,"West Kaylatown, Korea"
798,Tara Young,1976-09-14,"Richardview, Mozambique",2025-05-20,"New Catherineberg, Thailand"
799,Laura Gardner,1977-07-18,"Erinchester, Uzbekistan",2017-08-26,"East Jason, Macao"
800,Michaela Alvarez,1972-06-02,"West Elizabethborough, Niger",2014-12-15,"Youngport, San Marino"
801,Diana Richards,1937-04-13,"Lake Joseph, Liberia",2007-06-16,"Floresview, Wallis and Futuna"
802,Leah Clark,1952-11-28,"South Adamland, Norfolk Island",2023-05-20,"Ramirezport, Turks and Caicos Islands"
803,Matthew Jackson,1962-01-03,"Walkerview, Ukraine",2012-09-01,"Lake Jennifer, Namibia"
804,Rhonda Swanson,1980-12-25,"South Laura, Reunion",2021-04-21,"Lake Jacob, Myanmar"
805,Deanna Lynch,1943-04-23,"Suzannemouth, Nicaragua",2001-03-21,"East Lisa, Saint Helena"
806,Rhonda Lucas,1976-04-22,"Port Heather, Vietnam",2020-06-15,"South Samantha, Nigeria"
807,Morgan Willis,1939-08-29,"Sallyborough, Hong Kong",2025-02-24,"North Donna, Malta"
808,Noah Holt,1942-02-03,"North Peter, Turks and Caicos Islands",1996-05-31,"South Scottmouth, Haiti"
809,Christopher Bright,1975-04-10,"Elizabethport, Malta",2023-06-05,"Reevesbury, Gibraltar"
810,Justin Molina,1957-07-08,"North Kristin, Portugal",2021-07-18,"East Timothy, Mauritius"
811,Omar Black,1950-08-25,"Michaelfurt, Ethiopia",2022-01-08,"Johnnyfort, Niue"
812,Robert Jennings,1945-07-21,"East Bryanland, Costa Rica",2023-11-27,"Campbellshire, Saudi Arabia"
813,Zachary Wilson,1952-10-01,"South Brianview, Macedonia",1999-08-30,"East Caitlin, Botswana"
814,Sabrina Lewis,1979-11-29,"Marybury, Saint Vincent and the Grenadines",2019-12-07,"West Scott, Macedonia"
815,Michael Mcdonald,1975-10-03,"South Bill, Japan",2022-10-17,"Gentrychester, Armenia"
816,Nathan Wright,1952-10-10,"Lake Marcfurt, Puerto Rico",2022-07-20,"Mccormickton, Bolivia"
817,Tanya Logan,1941-12-06,"South Christopher, Sao Tome and Principe",1995-10-05,"Raymondton, Slovenia"
818,Vincent Ruiz,1960-07-27,"Butlerside, Christmas Island",2012-03-07,"North Ethan, Slovakia (Slovak Republic)"
819,Briana Conrad,1953-10-18,"West Amandaburgh, Heard Island and McDonald Islands",2022-04-07,"Jenniferport, Korea"
820,Maria Ellis,1953-07-14,"Courtneyberg, Isle of Man",2003-12-30,"West Sean, Burkina Faso"
821,Michael Johnson,1939-08-27,"Lake Michael, Kenya",2017-11-01,"Freemanton, Mexico"
822,Donna Dudley,1966-07-12,"Kristentown, Micronesia",2014-08-24,"Hernandezhaven, Italy"
823,Amanda Castillo,1984-10-04,"Welchville, Barbados",2025-04-02,"Lake Josemouth, British Indian Ocean Territory (Chagos Archipelago)"
824,Brooke Davis,1961-08-06,"South Robin, Niue",2008-08-04,"Erikamouth, Guinea-Bissau"
825,Matthew Bryant Jr.,1953-01-28,"Ryanfort, Morocco",1994-04-18,"Lake Ryan, Uruguay"
826,Justin Simon III,1974-04-18,"Antonioview, Israel",2017-08-31,"Gregoryburgh, Bhutan"
827,William Perez,1984-03-19,"New Kaylaburgh, Kuwait",2024-06-24,"West Elizabethmouth, Somalia"
828,Rebecca Mcmillan,1951-01-18,"South Thomas, Cambodia",2017-10-15,"Perezland, Guyana"
829,Alexander Garcia,1934-10-18,"South Alexandriahaven, Nauru",2017-01-24,"Foxland, Austria"
830,Jasmine Rodriguez,1951-12-09,"Lake Timothytown, Pitcairn Islands",1997-04-02,"Leonberg, Northern Mariana Islands"
831,Jeanne Patrick,1939-03-26,"North Jennifer, Sao Tome and Principe",1983-06-07,"Deanville, Cape Verde"
832,Brian Cruz,1953-07-29,"Smithfort, Seychelles",2011-02-23,"Rachelton, Yemen"
833,Marcus Morrow,1959-03-17,"Andersonbury, Slovakia (Slovak Republic)",2000-08-13,"Jennifermouth, Palestinian Territory"
834,Elizabeth Green,1957-04-21,"North Meredith, Trinidad and Tobago",2010-01-22,"West Rebekah, Svalbard & Jan Mayen Islands"
835,John Garrett,1973-03-08,"Lake Andreafurt, Guyana",2016-08-26,"Lake Brendamouth, Colombia"
836,Jacob Murillo,1975-02-08,"South Anthony, Syrian Arab Republic",2017-08-08,"South Charles, Solomon Islands"
837,Cory Hoffman,1966-10-20,"South Lisa, Papua New Guinea",2010-07-28,"Dodsonfort, Estonia"
838,David English,1939-09-26,"Lake Deanna, Bolivia",2017-08-17,"Willismouth, Jordan"
839,Raymond Johnson,1983-03-22,"Joshuamouth, Niue",2024-03-31,"Jonesport, Hungary"
840,Jennifer Rivas,1953-06-18,"Garzafort, Dominican Republic",2009-02-03,"Jeffreyfort, Sierra Leone"
841,Renee Jones DDS,1958-01-15,"Lake Andreborough, Saint Helena",2014-08-12,"South Garrett, British Indian Ocean Territory (Chagos Archipelago)"
842,Andrea Snyder,1954-07-04,"Port Marilynview, Chad",1996-05-13,"Kimview, Guinea-Bissau"
843,Sandy Jones,1953-03-23,"Nicoleside, Palestinian Territory",2009-12-27,"Port Morganborough, Congo"
844,Elizabeth Bryant,1969-07-22,"East Nancyhaven, Pakistan",2014-07-14,"Kennethside, Malaysia"
845,Cathy Rodriguez,1950-04-08,"Katherinehaven, Lebanon",2022-05-08,"Hortontown, Tonga"
846,Elizabeth Hall,1956-02-22,"Gloriaview, Cote d'Ivoire",2011-02-24,"New Heather, Gambia"
847,Amber Harrison,1940-02-29,"Lake Dylanburgh, Burkina Faso",2006-06-05,"Mckinneybury, Mexico"
848,David Vargas,1977-04-16,"Trevorton, Anguilla",2022-06-30,"Peckview, Slovakia (Slovak Republic)"
849,Mr. Joshua Reyes Jr.,1938-10-07,"Melissaburgh, Zimbabwe",1996-06-28,"Lake Marissa, Western Sahara"
850,Brandon Grant,1981-02-13,"Thompsontown, Sao Tome and Principe",2021-08-14,"Port Lisaburgh, French Polynesia"
851,Heather George PhD,1965-11-26,"Lake Molly, Norway",2018-03-24,"South Jon, Nepal"
852,Gregory Taylor,1936-10-08,"Ericashire, Faroe Islands",2004-12-04,"Andrewside, Cameroon"
853,Nicholas Nunez,1947-11-20,"Arnoldfurt, Tuvalu",2018-07-04,"Ericport, Canada"
854,Danielle White,1980-08-08,"Simonberg, Congo",2022-09-19,"West Normashire, Saint Helena"
855,Richard Franklin,1973-05-15,"New David, Dominica",2021-04-15,"New Samantha, Palau"
856,Morgan Santos,1952-07-29,"North Kristin, Somalia",1996-06-03,"Lake Robin, Poland"
857,James Peters,1982-06-02,"Schmidttown, Hungary",2025-01-06,"Parksfurt, Dominican Republic"
858,Amber Stevenson,1940-09-14,"West Travis, Netherlands Antilles",2017-06-15,"Nicholasborough, Andorra"
859,Robert Sandoval,1943-10-30,"Kylemouth, French Guiana",2006-11-04,"West Tammyburgh, Mayotte"
860,Wesley Harper,1977-06-04,"North Kara, Guyana",2022-12-20,"Archerstad, Zambia"
861,Lawrence Gray,1940-07-05,"Boydview, French Southern Territories",2021-12-10,"Robinsonfort, Israel"
862,Joseph Harper,1963-10-07,"Fordfurt, Canada",2019-06-22,"West Garystad, Yemen"
863,Michael Walker,1971-06-19,"Rossville, Saint Helena",2017-01-29,"East Matthew, Barbados"
864,Omar Butler,1974-08-16,"South Susan, Brazil",2020-09-09,"Sarahfort, Romania"
865,Scott Douglas,1976-06-27,"West Tommyville, American Samoa",2024-04-20,"South Jon, British Virgin Islands"
866,Laurie Byrd,1960-02-25,"Spencerside, British Virgin Islands",2024-01-17,"Hannahview, Macedonia"
867,Miranda Brown,1959-06-02,"Griffinberg, Zambia",2016-05-17,"Simpsonmouth, Paraguay"
868,Jill Levine,1981-02-24,"Navarromouth, Palau",2023-12-04,"Ashleyside, Mauritius"
869,James Kelly,1952-10-16,"Lake Vickieport, Peru",2019-08-03,"Port Kayla, Tanzania"
870,Jay Anderson,1942-04-23,"Mejiaton, Czech Republic",2018-02-28,"Stephaniemouth, Tonga"
871,Jeremy Warren,1984-06-16,"South Scott, Uruguay",2025-04-19,"Andersonfurt, Lao People's Democratic Republic"
872,William Murray,1961-05-22,"Colemanchester, Fiji",2011-02-28,"Lake Matthew, Cote d'Ivoire"
873,Ricardo Bailey,1973-09-20,"Torresmouth, Timor-Leste",2022-03-05,"Lake Thomaschester, Sierra Leone"
874,Reginald Hernandez,1974-03-01,"West Jasonfort, Hong Kong",2016-07-21,"Courtneystad, French Polynesia"
875,Donald Callahan,1980-02-22,"Port Kristenville, Netherlands Antilles",2023-02-26,"Millershire, Libyan Arab Jamahiriya"
876,Daniel Ray,1983-04-03,"Troyberg, Lesotho",2024-04-19,"Hintonberg, Moldova"
877,Jared Strickland,1964-01-12,"Martinmouth, Korea",2004-11-25,"Waltersshire, Nauru"
878,Frank Lamb,1975-06-10,"Ronaldhaven, French Guiana",2015-10-10,"Angelamouth, Oman"
879,Kathy Butler,1979-09-19,"Stephaniehaven, Uganda",2023-02-18,"Christopherville, El Salvador"
880,Sharon Hays,1969-04-21,"West Brandi, France",2018-08-28,"East Chelsea, Bhutan"
881,Michael Johnson,1950-04-01,"East Allenshire, Saint Martin",2008-02-06,"Comptonborough, Mongolia"
882,Judy Walker,1977-04-21,"Bradleyside, Dominica",2020-02-16,"Mariafort, Tuvalu"
883,Richard Summers,1944-06-02,"West Kathleenshire, Venezuela",2025-02-07,"North Elizabethton, United States of America"
884,Nicole Schwartz,1976-08-24,"Smithfurt, Colombia",2023-04-10,"Elizabethfurt, Nepal"
885,Joan Alexander,1953-12-22,"Stephanieberg, Estonia",2008-05-14,"Nancyfurt, Peru"
886,Lauren Keller,1975-12-23,"Adamtown, Vietnam",2019-03-17,"Margaretville, Kyrgyz Republic"
887,Sandra Chang,1934-11-30,"Glendaton, United Arab Emirates",1998-04-09,"New Bill, South Georgia and the South Sandwich Islands"
888,Matthew Lewis,1935-12-14,"Sandraburgh, Burundi",1979-10-27,"Houstonville, Seychelles"
889,Deborah Friedman,1971-01-10,"New Crystal, Wallis and Futuna",2015-09-27,"Lake Chelsea, Guadeloupe"
890,Kimberly Holden,1960-12-23,"Alexfort, Brazil",2023-03-29,"Jasonstad, Afghanistan"
891,Christina Moore,1980-06-01,"Marthaborough, Albania",2020-09-11,"South Mary, Tonga"
892,Jennifer Nunez,1979-12-16,"New Dan, Norway",2023-05-07,"Lake Gwendolynport, Ireland"
893,Keith Gonzalez,1966-08-25,"East Jessica, Faroe Islands",2023-04-27,"Port Jaredville, Oman"
894,Danielle Petersen,1964-09-09,"East Angela, Saudi Arabia",2025-05-30,"Simmonsville, Italy"
895,Kristen Franklin,1961-01-06,"Angelatown, Guatemala",2003-10-27,"Ramosmouth, Croatia"
896,Tara Reed,1939-08-17,"Jamesport, Colombia",2003-08-02,"South Samanthamouth, Vanuatu"
897,Denise Calhoun,1939-12-04,"Lake Katherinebury, Timor-Leste",1984-09-06,"New Zacharyside, Pakistan"
898,Jeffrey Howard,1963-10-13,"Port Catherine, Guernsey",2007-05-14,"West Amber, Chad"
899,Joseph Wells MD,1948-03-31,"Heidimouth, Congo",2017-12-23,"Port Davidside, Rwanda"
900,Thomas Townsend,1958-07-09,"Port Kimberlyfurt, United States of America",2006-02-10,"East Matthew, Samoa"
901,Russell Joyce,1973-08-24,"Jaclyntown, Dominica",2023-02-10,"Horneberg, Macao"
902,Monica Navarro,1953-01-03,"Estradamouth, Dominica",2001-09-14,"Hornview, Albania"
903,Eric Zuniga,1935-03-15,"Ayersfort, French Guiana",2015-10-19,"Bushchester, Iceland"
904,Eric Silva,1944-08-16,"South William, Macao",1985-08-06,"Simmonsborough, Christmas Island"
905,Christina Wilkinson,1939-03-28,"North Marissastad, United States Virgin Islands",1988-11-24,"West Katherineshire, Belgium"
906,Miguel Young,1957-09-04,"West Michaela, Heard Island and McDonald Islands",2010-06-03,"Tonyafurt, British Virgin Islands"
907,Scott Hamilton,1964-03-02,"New Carolynborough, Ukraine",2011-10-06,"New Melissa, Venezuela"
908,Kimberly Lee,1964-09-23,"Port Johnchester, Namibia",2011-11-04,"Port James, Guatemala"
909,Christopher Murphy,1936-12-02,"Jacobside, Togo",1982-07-15,"South Jonathan, Aruba"
910,Cynthia Jimenez,1985-03-10,"New Adamhaven, Bahamas",2025-07-17,"Port Christopherland, Austria"
911,Robert Chan,1962-03-08,"East Jacob, New Caledonia",2015-03-06,"Kemphaven, Japan"
912,Seth Fuller,1977-10-30,"Stevenborough, Togo",2022-01-31,"Gonzalezview, Ecuador"
913,Gloria White,1952-04-28,"Jodimouth, American Samoa",2009-06-24,"Candiceton, Cook Islands"
914,Erin Gregory,1943-01-30,"Port Audreyville, Mauritius",1986-10-02,"Moodyborough, Cape Verde"
915,Kristine Perez,1936-03-08,"Lake Sharonberg, Falkland Islands (Malvinas)",1991-04-22,"Lake Anita, Russian Federation"
916,Megan Rivera,1965-10-29,"Russellchester, Mauritius",2017-02-11,"Greenstad, Malta"
917,Brandy Johnson,1958-10-29,"Jenniferfurt, Taiwan",2025-08-20,"North Ruth, Eritrea"
918,Morgan Rodriguez,1972-06-18,"New Steven, Cape Verde",2013-01-23,"South Mistyfort, Tanzania"
919,Christopher Washington,1950-02-22,"North Daniellefurt, Palestinian Territory",2003-12-30,"New Mariaport, Trinidad and Tobago"
920,Katherine Blanchard,1944-09-27,"Lake Darrell, Burkina Faso",1988-10-22,"Bobtown, Liechtenstein"
921,Denise Palmer,1938-10-07,"Gateston, Saint Kitts and Nevis",1996-01-18,"Danielsfurt, Madagascar"
922,Jose Mills,1968-03-07,"Hillstad, Mozambique",2015-01-24,"Lake Deniseville, Botswana"
923,Debbie Santos,1977-02-07,"Christineshire, Aruba",2020-01-18,"New Michael, Palestinian Territory"
924,Michael Dennis,1973-08-05,"East Michaeltown, Botswana",2015-03-23,"Port Paulfurt, Greenland"
925,Christopher Le,1981-05-03,"South Charlesshire, Afghanistan",2023-05-27,"Katherineville, Pakistan"
926,Julie Anderson,1961-01-12,"Mercerbury, Guinea-Bissau",2004-08-31,"South Joymouth, Syrian Arab Republic"
927,Emily Sparks,1961-09-20,"East Amber, Saint Helena",2016-10-16,"Michaelfort, Falkland Islands (Malvinas)"
928,Bradley Baker,1956-11-07,"East Lauren, Saint Martin",1998-03-04,"North Kathleenfort, Poland"
929,Debra Ritter,1942-08-13,"Mooreshire, Marshall Islands",2010-10-03,"South Kaylaland, Mauritania"
930,Don Jones,1940-04-23,"North Christine, Gambia",1980-12-15,"Davisfurt, Moldova"
931,Chad Calderon,1966-05-08,"Amyview, Oman",2011-10-26,"Tashaton, Netherlands"
932,Charles Beard,1934-11-01,"Stevetown, Colombia",1994-09-15,"West Greg, Morocco"
933,Melinda Matthews,1942-08-27,"New Matthew, Tanzania",2018-11-29,"Allenchester, Canada"
934,Jessica Bentley,1974-09-05,"Hintonville, Madagascar",2016-04-25,"Nolanmouth, Kiribati"
935,Debbie Diaz,1954-10-19,"New Sheryltown, Cameroon",2008-03-09,"Bellborough, New Zealand"
936,Martin Jones,1935-06-11,"West Whitneyfurt, San Marino",2014-06-10,"Danielsside, Switzerland"
937,Christie Butler,1948-12-26,"Lake Christina, Honduras",1991-12-05,"Margaretburgh, Mauritania"
938,William Moore,1954-06-29,"Justinshire, Kyrgyz Republic",2023-02-08,"Moorefurt, Iceland"
939,Robert Ellis,1977-05-06,"East Kathleen, Benin",2024-07-24,"Samanthatown, Antarctica (the territory South of 60 deg S)"
940,Maria Bean,1950-12-10,"Craigmouth, Tunisia",1999-06-29,"Seanmouth, United States of America"
941,Andrew Duarte,1939-08-08,"West Amandachester, Mongolia",2025-08-20,"Mitchellview, Tonga"
942,Ashlee Olson,1938-10-11,"Elizabethfort, Paraguay",2014-06-10,"Kellihaven, Bosnia and Herzegovina"
943,Reginald Cox,1979-07-07,"East Alanhaven, Uganda",2021-02-15,"Adrianaville, Tajikistan"
944,Sarah Jones,1982-07-10,"Shawnhaven, Switzerland",2025-06-18,"Rickton, Benin"
945,Megan Wang,1942-01-01,"South Judithtown, Guatemala",2011-03-29,"Martinville, Hong Kong"
946,Christina Wilson,1949-09-21,"Gabriellaside, Belarus",2020-12-25,"New Kaylaberg, Saint Barthelemy"
947,Chelsea Morris,1950-02-06,"Millerland, Philippines",2011-06-05,"East Daniel, Congo"
948,Anne Santiago,1968-10-29,"West Jeffburgh, Micronesia",2017-04-03,"New Jenniferstad, Norway"
949,Rebecca Butler,1962-03-28,"Lake Alexis, Japan",2020-10-14,"East Leahport, Zimbabwe"
950,Caroline Allen,1943-06-29,"Jonesville, Namibia",2007-08-22,"Diazport, Mongolia"
951,Peter Maldonado,1980-10-08,"West Richard, Liechtenstein",2021-11-17,"West Darrell, American Samoa"
952,Michael Castro,1982-12-04,"North Timothyborough, Luxembourg",2023-09-10,"Lake Pennymouth, Equatorial Guinea"
953,Shawn Tate DDS,1969-02-02,"Longhaven, Kyrgyz Republic",2015-01-24,"Jasonton, Lesotho"
954,Robert Chaney,1952-04-12,"New Daniel, Saint Kitts and Nevis",2018-04-07,"East Tamifurt, Falkland Islands (Malvinas)"
955,Natasha Jensen,1940-11-25,"Jonesville, Taiwan",1985-01-07,"New Andrewberg, Malawi"
956,Nathan Smith,1955-08-22,"Port Leahmouth, Kiribati",2008-06-09,"Matthewport, Peru"
957,Alison Cardenas,1957-08-16,"Brandonberg, Saint Barthelemy",2010-07-22,"Martinezshire, Grenada"
958,Julie Williams,1971-10-23,"Brianhaven, Liechtenstein",2025-01-25,"North David, Puerto Rico"
959,Julie Washington,1978-06-25,"Taylorbury, Mozambique",2023-05-17,"New Jonathonland, French Guiana"
960,Sarah Perry,1936-12-07,"Johnton, Botswana",2009-04-29,"West Taylor, Saint Kitts and Nevis"
961,Anna Barton,1961-10-24,"New Jacqueline, Barbados",2022-08-06,"Lake Alejandro, Solomon Islands"
962,Jerry Thompson,1947-04-15,"Patriciafurt, British Indian Ocean Territory (Chagos Archipelago)",2012-11-23,"South Josephstad, Niue"
963,Bradley Duncan,1950-06-12,"Port Blake, Albania",2014-05-14,"Deborahland, Marshall Islands"
964,Joshua Ryan,1956-04-29,"Snowberg, Kyrgyz Republic",2014-02-21,"Port Deanland, Dominica"
965,Jacqueline Williams,1957-10-03,"East Gregory, Saint Barthelemy",2009-01-08,"Lake Cynthiastad, Guinea-Bissau"
966,Roy Elliott,1948-07-31,"Andrewmouth, South Africa",2012-08-08,"Kempfort, Cocos (Keeling) Islands"
967,Christina Murphy,1982-03-20,"North Matthew, Kazakhstan",2024-01-20,"Lake James, Jamaica"
968,Todd Rodriguez,1984-07-16,"Ericmouth, Bolivia",2024-11-27,"Fullerbury, Uzbekistan"
969,Wesley Ramos,1961-10-22,"Griffinland, Djibouti",2012-01-11,"South Manuel, Puerto Rico"
970,Nancy Jones,1973-02-20,"Joshuaton, Guinea-Bissau",2019-04-15,"East Amytown, Grenada"
971,Briana Roman,1949-01-10,"South Stevenside, Marshall Islands",1992-09-01,"South Markville, Cayman Islands"
972,Ian Smith,1940-03-14,"North Andrew, Chile",1996-01-25,"New Kristinview, Malaysia"
973,Kenneth Yoder,1979-10-13,"East Timothy, Trinidad and Tobago",2023-04-30,"Stanleyview, Congo"
974,Lori Armstrong,1968-01-04,"South Diane, Barbados",2022-07-20,"North Shannon, Japan"
975,John Miller,1950-08-13,"New Bryanburgh, Estonia",1995-10-17,"Ianbury, Honduras"
976,Mr. Joshua Pennington PhD,1970-06-19,"New Bradley, Bosnia and Herzegovina",2025-03-14,"Aguilarport, Argentina"
977,Kimberly Lawson,1976-11-17,"Port Michael, Mali",2023-05-09,"Sarahbury, Germany"
978,Michael Henderson,1971-04-22,"West Stevenmouth, Egypt",2013-04-06,"Lake Lauren, Gibraltar"
979,Carolyn Barnes,1955-11-01,"South Davidtown, Syrian Arab Republic",2017-09-07,"Kaufmanbury, British Indian Ocean Territory (Chagos Archipelago)"
980,Mr. Michael Stephenson,1956-01-12,"Gardnerbury, Liberia",2017-05-11,"New Johnmouth, Bahrain"
981,Bradley Crawford,1942-01-07,"Johnsonberg, Tunisia",2021-09-27,"New Larry, Congo"
982,Brianna Turner MD,1980-02-01,"Davidbury, Lesotho",2020-04-16,"Melindachester, Saudi Arabia"
983,Patricia Cross,1971-08-07,"South Oscar, Saint Pierre and Miquelon",2019-03-11,"Jameshaven, Liberia"
984,Juan Smith,1980-08-18,"South Sherri, Brunei Darussalam",2024-01-30,"East Timothyburgh, El Salvador"
985,Laurie Wang,1944-04-18,"Garyshire, Antigua and Barbuda",1986-06-21,"East Richardland, Madagascar"
986,Michael Rollins,1973-07-21,"Lake David, Barbados",2016-02-12,"New Jennifer, Ethiopia"
987,Joseph Collins,1935-08-01,"Romerochester, Suriname",1995-03-09,"Morganside, Mali"
988,Anthony Cook,1941-03-26,"Arthurview, Mauritius",1985-07-19,"Carrilloberg, Burundi"
989,Tammy Page,1972-01-10,"Lake Amy, Myanmar",2016-04-04,"East Danielfort, Ghana"
990,Joseph Hunter,1971-04-09,"East Jenniferburgh, Sri Lanka",2012-08-21,"Bookerhaven, Slovakia (Slovak Republic)"
991,Brett Reeves,1945-01-28,"Blackwellland, Paraguay",2006-10-11,"Lake Travis, South Georgia and the South Sandwich Islands"
992,Erik Parker MD,1962-10-11,"Matthewside, Western Sahara",2022-10-01,"Amberburgh, Syrian Arab Republic"
993,Kimberly Mcdonald,1965-07-03,"Jeremiahshire, Cape Verde",2011-06-25,"Nealtown, Samoa"
994,Natalie Young,1982-06-04,"Port Suzanne, Saint Kitts and Nevis",2024-04-29,"Desireemouth, Korea"
995,Debbie Lee,1938-01-27,"Jameston, Algeria",2019-04-14,"Joestad, Dominican Republic"
996,Melanie Roberts,1976-01-30,"East Justinchester, Myanmar",2019-08-10,"Lake Tracymouth, Fiji"
997,Michelle Mendoza,1937-11-04,"Lawsonmouth, Belize",2009-02-09,"Port Michael, Maldives"
998,Henry Hughes,1953-01-17,"Lake Nancyfort, Korea",2009-03-19,"Reidland, Ecuador"
999,Katrina Johnson,1981-01-07,"South Ericshire, Georgia",2024-08-30,"Hessshire, Bhutan"
1000,Matthew Bruce,1936-10-05,"Port Yvonne, Saint Barthelemy",1976-10-29,"Lake Christina, Kenya"
1001,Spencer Newman,1942-10-03,"West Ashley, Sri Lanka",1999-01-01,"Williamhaven, Serbia"
1002,Matthew Griffin,1961-02-19,"Jessicaburgh, Barbados",2005-04-27,"Andrebury, Saint Lucia"
1003,Tammy Butler,1970-12-30,"East Lisa, Bangladesh",2013-03-01,"Lake Lindaside, New Caledonia"
1004,Andrew King,1948-07-30,"Wellsbury, Latvia",2000-06-03,"Hintonstad, Rwanda"
1005,Lance Collins,1960-11-14,"Meganbury, Myanmar",2002-10-31,"New Williamburgh, Netherlands Antilles"
1006,Daniel Santiago,1985-08-31,"Port Michael, Bulgaria",2025-08-31,"New Shanemouth, Montenegro"
1007,Lori Bailey,1954-02-04,"Keithtown, Togo",2009-04-15,"New Mary, New Zealand"
1008,Nicholas Pearson DDS,1984-01-01,"South John, Timor-Leste",2025-02-18,"West Cynthiabury, Western Sahara"
1009,Nancy Rasmussen,1937-09-10,"Daviesside, Syrian Arab Republic",1981-09-15,"East Holly, Belgium"
1010,Jenny Jackson,1980-07-22,"Port Lauren, Malta",2022-10-22,"North Elizabeth, Denmark"
1011,Cathy Pierce,1954-06-13,"Michaelchester, Portugal",2002-06-26,"Steeleshire, Pitcairn Islands"
1012,Dustin Anthony,1963-07-02,"Martinbury, Barbados",2003-09-12,"Salasfort, American Samoa"
1013,Gregory Hanson,1983-11-25,"Joshuaborough, Pakistan",2024-06-22,"Port Traceystad, Rwanda"
1014,Derrick Johnson,1954-06-10,"New Christinemouth, United Kingdom",2014-04-27,"West Rachel, Saint Helena"
1015,Angela Anderson,1985-05-10,"Danielburgh, Costa Rica",2025-06-18,"Woodsburgh, Algeria"
1016,Eric Butler,1942-12-16,"Port Hollyborough, Papua New Guinea",1995-02-27,"South Austin, Namibia"
1017,Nicole Green,1936-08-29,"Lauraview, New Caledonia",2004-02-21,"Nicholeshire, Equatorial Guinea"
1018,Rachel Williams,1977-03-25,"South Thomas, British Indian Ocean Territory (Chagos Archipelago)",2023-08-28,"Jeffreychester, Angola"
1019,Jessica Barnes,1970-10-22,"Michaelhaven, Swaziland",2018-04-10,"Dickersonville, Comoros"
1020,Margaret Moore,1964-02-08,"Martinezstad, Jordan",2008-03-23,"North Eric, Moldova"
1021,Sharon Holder,1970-08-17,"Williamsshire, Romania",2012-05-01,"Lake Jamesbury, Brazil"
1022,Jennifer Cardenas DVM,1940-06-13,"Sharonland, Cameroon",2015-12-16,"Bankshaven, Falkland Islands (Malvinas)"
1023,Devin Foley,1977-01-01,"East Emily, Tonga",2024-02-19,"Taylorstad, Italy"
1024,William Smith,1962-04-20,"South Karenstad, Singapore",2023-04-29,"South Angelafurt, Micronesia"
1025,Kevin Stevens,1958-12-24,"New Mariaview, Nepal",1999-03-14,"Patrickshire, Slovakia (Slovak Republic)"
1026,Julie Smith,1958-10-22,"Flemingview, Burundi",2002-01-28,"South Kristaborough, Sweden"
1027,Shawn Martin,1939-02-05,"South Carlaborough, Serbia",2010-09-01,"Lake Kylie, Sudan"
1028,Mrs. Darlene Bailey,1957-01-14,"New Angelafurt, Guernsey",2020-05-08,"New Yvette, Taiwan"
1029,Ernest Harris,1936-12-02,"South Carolineville, Seychelles",2022-04-04,"Maddenberg, Hong Kong"
1030,Tammy Salazar,1970-02-18,"North Emily, Qatar",2020-12-01,"West Steven, Kiribati"
1031,Jason Thomas,1949-08-01,"South Monica, Saint Helena",2005-11-29,"Ronaldburgh, Christmas Island"
1032,Kevin Alexander,1958-07-26,"Dianemouth, Guatemala",2023-12-02,"Jonesstad, Timor-Leste"
1033,Sandra Pratt,1980-02-04,"South Haydenhaven, Italy",2020-04-01,"South Jessica, Uganda"
1034,William York,1938-04-08,"North Elizabeth, Latvia",1981-12-17,"Darleneburgh, Tuvalu"
1035,Melissa Price,1976-02-01,"East Christophershire, Dominican Republic",2019-12-29,"Port Krystalland, Ireland"
1036,Brittany Rodriguez,1980-12-03,"Garciabury, Libyan Arab Jamahiriya",2021-03-23,"Courtneyfurt, Micronesia"
1037,Gregory Cobb,1952-08-20,"Brandyberg, Russian Federation",1994-10-18,"New Manuel, Guyana"
1038,Erica Sanchez,1937-04-02,"Wattsbury, Bahrain",2001-01-31,"Sarahmouth, Guam"
1039,Lisa Gilmore,1966-02-22,"Vanessafurt, Cameroon",2025-08-07,"Lopezberg, Azerbaijan"
1040,Mary Ware,1955-06-28,"North Donnaburgh, Guam",2004-12-12,"Rileyshire, Turkmenistan"
1041,Eugene Jefferson,1983-02-07,"Davidton, South Georgia and the South Sandwich Islands",2024-04-23,"North Jennifer, San Marino"
1042,Lori Holt,1950-03-11,"New Austinstad, Cuba",1994-07-10,"Michaelshire, Armenia"
1043,Amy Peterson,1982-07-17,"Port Joseville, Portugal",2024-05-06,"Danielsmouth, Spain"
1044,Brandon Ward,1947-04-24,"Mathisland, Hong Kong",2021-05-01,"Swansonfurt, Pakistan"
1045,Joseph Patton,1955-07-23,"West Barbaraton, Italy",2010-10-29,"East Alexisland, Slovenia"
1046,April Santiago,1965-06-02,"Jenningshaven, French Polynesia",2011-09-15,"Simschester, Sudan"
1047,Dawn Allen,1946-10-21,"West Angelview, Iceland",2010-04-27,"Lake Marychester, Solomon Islands"
1048,Katie Arias,1966-07-13,"East Ryanville, Albania",2013-01-05,"West Debbietown, Cameroon"
1049,Cory Schwartz,1984-06-19,"South Jacquelineshire, Barbados",2024-12-31,"New Joshuaburgh, Lithuania"
1050,Ashley Duke,1956-12-17,"Hansonburgh, Hong Kong",2021-10-07,"Rothside, Hungary"
1051,Charles Harris,1949-05-26,"Robertport, Finland",2005-08-01,"Garrettmouth, Mali"
1052,Danny Melendez,1969-11-21,"East Michael, Suriname",2022-05-04,"New Andrewfort, Nigeria"
1053,Toni Hall,1969-03-02,"Port Janet, Gabon",2010-04-02,"Samanthamouth, Lithuania"
1054,Amanda Everett,1941-02-27,"Hectormouth, Kenya",2000-08-09,"Justinchester, Andorra"
1055,Brian Kirby,1949-03-23,"North Brianview, Cayman Islands",2012-01-03,"Millerport, Ukraine"
1056,Nina Black,1972-05-27,"Smithbury, Cyprus",2024-12-20,"Bethville, Senegal"
1057,Mary Clayton,1943-08-25,"New Brittany, Saint Lucia",1988-02-10,"Port Michelle, Benin"
1058,Mark Short,1965-12-19,"Port Jeffreymouth, American Samoa",2024-12-23,"Forbesfort, Guinea"
1059,Brian Mullen,1940-10-21,"Port Aprilside, Mexico",1994-06-12,"Port Gabriel, Dominican Republic"
1060,Thomas Thomas,1947-08-01,"Ashleystad, Turkey",2018-05-06,"Jonesview, Seychelles"
1061,Linda Buchanan,1954-09-16,"North Karlastad, Bouvet Island (Bouvetoya)",1996-01-16,"Brendanberg, Hungary"
1062,Christopher Stanton,1984-12-08,"Palmerview, Lesotho",2025-02-17,"Jasonmouth, American Samoa"
1063,Alexander Foster,1976-04-20,"Stephensonport, Paraguay",2019-03-02,"Lauraborough, Azerbaijan"
1064,Emily Barker,1979-04-04,"New Janet, Serbia",2023-09-15,"New Nicoletown, Kyrgyz Republic"
1065,Calvin Mcfarland,1963-09-18,"Ayalatown, Russian Federation",2016-07-18,"Bruceview, Guyana"
1066,Daniel Davis,1949-03-01,"West Tyler, Congo",2017-04-25,"Davidland, Sri Lanka"
1067,Mr. Andrew Jenkins,1958-04-28,"Leslieland, Congo",2005-07-06,"North Robyn, Chad"
1068,Mark Clark,1956-07-14,"Lake Paulstad, Gabon",2024-04-28,"Adamschester, Paraguay"
1069,Heidi Smith,1937-08-10,"Nicoleland, Cameroon",2012-04-16,"Josephton, New Caledonia"
1070,Heather Schmidt,1964-10-08,"Willieberg, Burkina Faso",2005-08-27,"Joseshire, Aruba"
1071,Elizabeth Anderson,1974-12-26,"Beckyberg, Equatorial Guinea",2025-08-26,"Timothyfurt, Marshall Islands"
1072,Leslie Rivers,1947-09-21,"West Earlmouth, Vanuatu",2007-05-06,"West Taraville, Costa Rica"
1073,William Scott,1940-07-01,"Silvastad, Congo",1993-03-18,"East Stacyfort, Trinidad and Tobago"
1074,Michael Jones,1960-01-04,"West Tinaborough, Turkey",2002-11-17,"South Benjaminview, Vanuatu"
1075,Justin Walker,1947-08-31,"Lake Robert, Morocco",1999-12-18,"South Aaronfurt, Cambodia"
1076,William May,1979-11-29,"Bradyland, Vanuatu",2021-08-08,"Tylerfurt, Portugal"
1077,Charles Blackwell,1984-01-29,"Freemanberg, Lithuania",2024-10-26,"East Gerald, Papua New Guinea"
1078,Jeremiah Stark,1976-09-10,"Annehaven, Vietnam",2018-04-20,"Craigberg, Dominica"
1079,Raven Torres,1940-08-28,"Ericbury, Montenegro",2021-12-01,"Hamiltonland, Anguilla"
1080,Elizabeth Johnson,1967-10-02,"East Wendyshire, Bulgaria",2021-05-14,"Michaelton, Netherlands"
1081,David Meza,1974-06-07,"Lucaston, Finland",2016-09-03,"North Paul, Norway"
1082,Derrick Cummings,1969-04-06,"New Samanthamouth, Ukraine",2016-01-13,"Teresashire, Uganda"
1083,Kelly Williams,1940-04-15,"North Teresashire, Lithuania",2020-09-18,"Marcuschester, Martinique"
1084,Tyler George,1983-08-08,"Port Timothy, Cape Verde",2024-03-02,"Rebeccaland, Tokelau"
1085,Tamara Powell,1965-05-20,"South Johnberg, Iraq",2022-07-28,"New Linda, Wallis and Futuna"
1086,Linda Jenkins,1981-08-24,"Susanhaven, Cook Islands",2024-12-02,"Lake Kenneth, Hong Kong"
1087,Abigail Garcia,1945-08-12,"New Charlesport, Montserrat",1991-11-12,"Amandabury, Iraq"
1088,Connor Thomas,1976-06-11,"Robertborough, Northern Mariana Islands",2020-08-30,"Hoodburgh, Japan"
1089,Kenneth West,1948-03-01,"Wileyside, Niue",2007-01-15,"Port Michaelville, Guernsey"
1090,Leah Sanders,1984-12-18,"Colemanside, Saint Martin",2025-05-22,"Andersonmouth, Bermuda"
1091,Clarence Walker,1960-07-14,"Reginaldfort, Eritrea",2003-04-29,"Mooreville, South Africa"
1092,Gail Phillips,1970-06-04,"Raymondview, Fiji",2016-11-03,"Mooreton, Uganda"
1093,Joseph Farmer,1935-02-26,"West Sarah, Central African Republic",2002-09-10,"Stephanieshire, Congo"
1094,Mary Wells,1981-10-30,"North Raymond, Belarus",2025-04-21,"Youngborough, Ukraine"
1095,Christine Wilkerson,1942-09-02,"North Kimberly, Nicaragua",2017-08-31,"Port Lucaston, Hungary"
1096,Christopher Smith,1955-06-11,"Simpsonmouth, Saint Martin",2021-06-25,"New Jeremymouth, Madagascar"
1097,Carlos Williamson,1981-02-25,"Bowersberg, Cocos (Keeling) Islands",2023-05-27,"New Sarah, Sri Lanka"
1098,Kimberly Smith,1957-10-19,"Johnsonhaven, Samoa",2013-09-15,"Jessicaport, Cambodia"
1099,Jason Anderson,1981-12-25,"Whiteberg, Mauritius",2025-01-29,"Brownville, Zimbabwe"
1100,Christopher Henderson,1980-04-19,"West Tina, Panama",2022-11-28,"New Bridgetborough, Ethiopia"
